Actor,Film,Year,Genre,Gender,Races,Debut year
Amai Kamarudin,7 Hari Kisah Cinta Langkawi,2019,Comedy,Male,Malay,2008
Josiah Hogan,7 Hari Kisah Cinta Langkawi,2019,Comedy,Male,Malay,2013
Shaharuddin Thamby,7 Hari Kisah Cinta Langkawi,2019,Comedy,Male,Malay,1989
Sharifah Shahirah,7 Hari Kisah Cinta Langkawi,2019,Comedy,Female,Malay,1993
Chi Azim ,7 Hari Kisah Cinta Langkawi,2019,Comedy,Male,Malay,2019
Mark Adam,7 Hari Kisah Cinta Langkawi,2019,Comedy,Male,Others,2019
Peter Davis,7 Hari Kisah Cinta Langkawi,2019,Comedy,Male,Others,2019
Tengku Ely,7 Hari Kisah Cinta Langkawi,2019,Comedy,Female,Malay,2019
Tengku Norsaili,7 Hari Kisah Cinta Langkawi,2019,Comedy,Female,Malay,2019
Aeril Zafrel,7ujuh,2018,Thriller,Male,Malay,2010
Cristina Suzanne,7ujuh,2018,Thriller,Female,Malay,2007
Dee Dee Nash,7ujuh,2018,Thriller,Female,Malay,2018
Johan As'ari,7ujuh,2018,Thriller,Male,Malay,2013
Marsha Milan Londoh,7ujuh,2018,Thriller,Female,Malay,2006
Pekin Ibrahim,7ujuh,2018,Thriller,Male,Malay,2004
Riz Amin,7ujuh,2018,Thriller,Male,Malay,2007
Siti Saleha,7ujuh,2018,Thriller,Female,Malay,2013
Adibah Yunus,Abang Lejen,2015,Action,Female,Malay,2012
Along Eyzendy,Abang Lejen,2015,Action,Male,Malay,2003
Azlan Komeng,Abang Lejen,2015,Action,Male,Malay,2000
Fadlan Hazim,Abang Lejen,2015,Action,Male,Malay,2014
Farid Kamil,Abang Lejen,2015,Action,Male,Malay,2003
Hamid Gurkha,Abang Lejen,2015,Action,Male,Malay,1978
Intan Ladyana,Abang Lejen,2015,Action,Female,Malay,2006
Shahfiez,Abang Lejen,2015,Action,Male,Malay,2007
A. Galak,Abang Long Fadil 2,2017,Comedy,Male,Malay,1981
AC Mizal,Abang Long Fadil 2,2017,Comedy,Male,Malay,1999
Achey Bocey,Abang Long Fadil 2,2017,Comedy,Male,Malay,2014
Hafiz Bahari,Abang Long Fadil 2,2017,Comedy,Male,Malay,2012
Zizan Razak,Abang Long Fadil 2,2017,Comedy,Male,Malay,2010
Shuib Sepahtu,Abang Long Fadil 2,2017,Comedy,Male,Malay,2012
Syamsul Yusof,Abang Long Fadil 2,2017,Comedy,Male,Malay,1998
Tania Hudson,Abang Long Fadil 2,2017,Comedy,Female,Malay,2012
Wak Doyok,Abang Long Fadil 2,2017,Comedy,Male,Malay,2017
Abam Bocey,Ada Apa Dekat Bus Stop,2015,Comedy,Male,Malay,2014
Airis Yasmin,Ada Apa Dekat Bus Stop,2015,Comedy,Female,Malay,2010
Erwan Razak,Ada Apa Dekat Bus Stop,2015,Comedy,Male,Malay,2015
Kazar Saisi,Ada Apa Dekat Bus Stop,2015,Comedy,Male,Malay,2007
Leez AF,Ada Apa Dekat Bus Stop,2015,Comedy,Female,Malay,2009
Myo Oh Chentaku,Ada Apa Dekat Bus Stop,2015,Comedy,Male,Malay,2015
Tauke Jambu,Ada Apa Dekat Bus Stop,2015,Comedy,Male,Malay,2003
Zaib,Ada Apa Dekat Bus Stop,2015,Comedy,Male,Malay,2015
Ahmad Adnin Zidane Muslim,Adiwiraku,2017,Drama,Male,Malay,2017
Farra Noradzlina Safwan,Adiwiraku,2017,Drama,Female,Malay,2017
Geoff Andre Feyaerts,Adiwiraku,2017,Drama,Male,Others,2016
Imran Shahaludin,Adiwiraku,2017,Drama,Male,Malay,2017
Mohamad Ajwad Mohd Sobri,Adiwiraku,2017,Drama,Male,Malay,2017
Muhammad Alif Abu Bakar,Adiwiraku,2017,Drama,Male,Malay,2017
Nur Irdina Tasnim Ishak,Adiwiraku,2017,Drama,Female,Malay,2017
Sangeeta Krishnasamy,Adiwiraku,2017,Drama,Female,Indian,2009
Xavier Fong,Adiwiraku,2017,Drama,Male,Chinese,2010
Afiq Muiz,I'm Not A Terrorist,2017,Action,Male,Malay,2017
Betty Banafe,I'm Not A Terrorist,2017,Action,Male,Malay,2004
Chacha Maembong,I'm Not A Terrorist,2017,Action,Female,Malay,2017
Dato' Jalaluddin Hassan,I'm Not A Terrorist,2017,Action,Male,Malay,1994
Farida Jalal,I'm Not A Terrorist,2017,Action,Female,Indian,1967
Gulshan Grover,I'm Not A Terrorist,2017,Action,Male,Indian,1980
Kapten Khir Mohd Noor,I'm Not A Terrorist,2017,Action,Male,Malay,2011
Rahul Dev,I'm Not A Terrorist,2017,Action,Male,Indian,1997
Amalia Syakirah,Aku Haus Darahmu,2017,Horror,Female,Malay,2017
Deanna Yusoff,Aku Haus Darahmu,2017,Horror,Female,Malay,1992
Zoey Rahman,Aku Haus Darahmu,2017,Horror,Male,Malay,2010
Nad Zainal,Aku Haus Darahmu,2017,Horror,Female,Malay,2012
Sweet Qismina,Aku Haus Darahmu,2017,Horror,Female,Malay,2008
Aleza Shadan,Aliff Dalam 7 Dimensi,2016,Horror,Female,Malay,2016
Alif Satar,Aliff Dalam 7 Dimensi,2016,Horror,Male,Malay,2016
Hasnul Rahmat,Aliff Dalam 7 Dimensi,2016,Horror,Male,Malay,1997
Izzue Islam,Aliff Dalam 7 Dimensi,2016,Horror,Male,Malay,2011
Juliana Evans,Aliff Dalam 7 Dimensi,2016,Horror,Female,Malay,2008
Kaka Azraff,Aliff Dalam 7 Dimensi,2016,Horror,Female,Malay,2016
Man Kadir,Aliff Dalam 7 Dimensi,2016,Horror,Male,Malay,1981
Mimi Haliza,Aliff Dalam 7 Dimensi,2016,Horror,Female,Malay,2016
Muhd Sufri Bungkan,Aliff Dalam 7 Dimensi,2016,Horror,Male,Malay,2016
Amylia Natasha Aziz,Anak Mami Nasi Kandaq,2016,Comedy,Female,Malay,2016
Azmir Cuit,Anak Mami Nasi Kandaq,2016,Comedy,Male,Malay,2016
Chik Pak Man Telo,Anak Mami Nasi Kandaq,2016,Comedy,Male,Malay,2016
Elisya Sandha,Anak Mami Nasi Kandaq,2016,Comedy,Female,Malay,2015
Ezzaty Abdullah,Anak Mami Nasi Kandaq,2016,Comedy,Female,Malay,2015
Fasha Sandha,Anak Mami Nasi Kandaq,2016,Comedy,Female,Malay,2003
Nur Risteena,Anak Mami Nasi Kandaq,2016,Comedy,Female,Malay,2013
Qi Razali,Anak Mami Nasi Kandaq,2016,Comedy,Male,Malay,2013
Sheila Mambo,Anak Mami Nasi Kandaq,2016,Comedy,Female,Malay,2001
Azlan Komeng,Anak Perjanjian Syaitan,2019,Horror,Male,Malay,2000
Chacha Maembong,Anak Perjanjian Syaitan,2019,Horror,Female,Malay,2017
Jasmin Hamid,Anak Perjanjian Syaitan,2019,Horror,Female,Malay,1991
Nadzmi Adhwa,Anak Perjanjian Syaitan,2019,Horror,Male,Malay,2016
Sahronizam Noor,Anak Perjanjian Syaitan,2019,Horror,Male,Malay,2004
Wan Sharmila,Anak Perjanjian Syaitan,2019,Horror,Female,Malay,2011
Badrul Muhayat,Anak Perjanjian Syaitan,2019,Horror,Male,Malay,1990
Roslan Salleh,Anak Perjanjian Syaitan,2019,Horror,Male,Malay,2002
Bil Azali,Apartment,2015,Horror,Male,Malay,2015
Kamal Adli,Apartment,2015,Horror,Male,Malay,2010
Naqia Nasuition,Apartment,2015,Horror,Female,Malay,2015
Kapten Khir Mohd Noor,Awang Gerudi,2018,Comedy,Male,Malay,2011
Zoey Rahman,Awang Gerudi,2018,Comedy,Male,Malay,2010
Aprena Manrose,Awang Gerudi,2018,Comedy,Female,Malay,2018
Ika Nabella,Awang Gerudi,2018,Comedy,Female,Malay,2013
Mustapha Kamal,Awang Gerudi,2018,Comedy,Male,Malay,1988
Accapan,Awang Gerudi,2018,Comedy,Male,Indian,1990
Ebby Yus,Awang Gerudi,2018,Comedy,Male,Malay,1988
T.S Jeffry,Awang Gerudi,2018,Comedy,Male,Chinese,1996
Rashidah Jaafar,Awang Gerudi,2018,Comedy,Female,Malay,1983
Fasha Sandha,Badang,2018,Action,Female,Malay,2003
Aliff Syukri,Badang,2018,Action,Male,Malay,2018
Aminah Rhapor,Badang,2018,Action,Female,Malay,2015
Azhari Zain,Badang,2018,Action,Male,Malay,2009
Fareez Fauzi,Badang,2018,Action,Male,Malay,2017
Fauzi Nawawi,Badang,2018,Action,Male,Malay,2007
Kamarzaman,Badang,2018,Action,Male,Malay,2018
Nadia Brian,Badang,2018,Action,Female,Others,2018
Zalfa Zin,Badang,2018,Action,Female,Malay,2016
Adibah Yunus,Badi,2015,Horror,Female,Malay,2012
Rashidah Jaafar,Badi,2015,Horror,Female,Malay,1983
Atiqah Suhaime,Badi,2015,Horror,Female,Malay,2013
Ayang Abbas,Badi,2015,Horror,Female,Malay,2015
Azwan Kombos,Badi,2015,Horror,Male,Malay,2010
Epy Kodiang,Badi,2015,Horror,Male,Malay,2012
Hanif Safuan,Badi,2015,Horror,Male,Malay,2015
Navilya Husna,Badi,2015,Horror,Female,Malay,2015
Sharisa Haris,Badi,2015,Horror,Female,Malay,2014
Aziz Singah,Balun,2017,Action,Male,Malay,1971
Beto Kusyairy,Balun,2017,Action,Male,Malay,2011
Dato' Sri Eizlan Yusof,Balun,2017,Action,Male,Malay,1994
Izara Aishah,Balun,2017,Action,Female,Malay,2013
Namron,Balun,2017,Action,Male,Malay,2000
Reen Rahim,Balun,2017,Action,Female,Malay,2013
Wan Raja,Balun,2017,Action,Male,Malay,2009
Adibah Yunus,Banglo Berkunci,2015,Horror,Female,Malay,2012
Fadlan Hazim,Banglo Berkunci,2015,Horror,Male,Malay,2014
Intan Ladyana,Banglo Berkunci,2015,Horror,Female,Malay,2006
Fahmy Reza,Banglo Berkunci,2015,Horror,Male,Malay,2015
Nur Fathiah Diaz,Banglo Berkunci,2015,Horror,Female,Malay,2009
Sheikh Zulhamy Reza,Banglo Berkunci,2015,Horror,Male,Malay,2015
Johan As'ari,Banglo No. 99,2019,Thriller,Male,Malay,2013
Datuk Yusof Haslam,Banglo No. 99,2019,Thriller,Male,Malay,1972
Bkay Nair,Banglo No. 99,2019,Thriller,Female,Others,2011
Buyung Zasdar,Banglo No. 99,2019,Thriller,Male,Malay,2019
Camelia Natasya kmn,Banglo No. 99,2019,Thriller,Female,Malay,2019
Hafeez Mikail,Banglo No. 99,2019,Thriller,Male,Malay,2018
Harun Hashim,Banglo No. 99,2019,Thriller,Male,Malay,2019
Ahmad Fairuz,Bangunan,2015,Horror,Male,Malay,2015
Amir Musa,Bangunan,2015,Horror,Male,Malay,2015
Aqasha,Bangunan,2015,Horror,Male,Malay,2002
Azmi Musa,Bangunan,2015,Horror,Male,Malay,2015
Khir Rahman,Bangunan,2015,Horror,Male,Malay,2004
Sein Qudsi,Bangunan,2015,Horror,Male,Malay,2006
Syed Hussein,Bangunan,2015,Horror,Male,Malay,2015
Wan Shahidi,Bangunan,2015,Horror,Male,Malay,2006
Yusran Hashim,Bangunan,2015,Horror,Male,Malay,2015
Izzue Islam,Bella & Jamie,2019,Drama,Male,Malay,2011
Juliana Evans,Bella & Jamie,2019,Drama,Female,Malay,2008
Khir Rahman,Bella & Jamie,2019,Drama,Male,Malay,2004
Bell Ngasri,Bella & Jamie,2019,Drama,Female,Malay,1995
Dynas Mokhtar,Bella & Jamie,2019,Drama,Female,Malay,2003
Liyana Jasmay,Bella & Jamie,2019,Drama,Female,Malay,2006
Sharifah Nadia,Bella & Jamie,2019,Drama,Female,Malay,2019
Dato' Jalaluddin Hassan,Biasan,2015,Romantic,Male,Malay,1994
Emma Akma,Biasan,2015,Romantic,Female,Malay,2002
Lana Nordin,Biasan,2015,Romantic,Female,Malay,2005
Mas Khan,Biasan,2015,Romantic,Male,Others,2015
Abby Nour,Bidong: The Boat People ,2018,Historical,Female,Malay,2010
Irene Wong,Bidong: The Boat People ,2018,Historical,Female,Chinese,2018
Lawrence Poh,Bidong: The Boat People ,2018,Historical,Male,Chinese,2018
Livonia Ricky Guing,Bidong: The Boat People ,2018,Historical,Female,Others,2017
Man Raja Lawak,Bidong: The Boat People ,2018,Historical,Male,Malay,2012
Taufiq Hanafi,Bidong: The Boat People ,2018,Historical,Male,Malay,2016
Zamree,Bidong: The Boat People ,2018,Historical,Male,Malay,2018
Zizan Razak,Bikers Kental 2,2019,Comedy,Male,Malay,2010
Amerul Affendi,Bikers Kental 2,2019,Comedy,Male,Malay,2009
Awie,Bikers Kental 2,2019,Comedy,Male,Malay,1993
Bront Palarae,Bikers Kental 2,2019,Comedy,Male,Malay,2003
Afdlin Shauki ,Bikers Kental 2,2019,Comedy,Male,Malay,1999
Ayie Hushairi Husain,Bikers Kental 2,2019,Comedy,Male,Malay,2004
Julangtip Sukkasem,Bikers Kental 2,2019,Comedy,Female,Others,2013
Kaew Korravee,Bikers Kental 2,2019,Comedy,Female,Others,2014
Pont Cranium,Bikers Kental 2,2019,Comedy,Male,Others,2019
Beto Kusyairy,Bisik Pada Langit,2017,Drama,Male,Malay,2011
Erwin Dawson,Bisik Pada Langit,2017,Drama,Male,Malay,2012
Fadilah Mansor,Bisik Pada Langit,2017,Drama,Male,Malay,2000
Jalil Hamid,Bisik Pada Langit,2017,Drama,Male,Malay,1990
Naim Daniel,Bisik Pada Langit,2017,Drama,Male,Malay,2012
Ummi Nazeera,Bisik Pada Langit,2017,Drama,Female,Malay,2010
Fasha Sandha,Blok 404: Hidup Sampai Mati ,2018,Thriller,Female,Malay,2003
Nur Risteena,Blok 404: Hidup Sampai Mati ,2018,Thriller,Female,Malay,2013
Nadia Brian,Blok 404: Hidup Sampai Mati ,2018,Thriller,Female,Others,2018
Aedy Ashraf,Blok 404: Hidup Sampai Mati ,2018,Thriller,Male,Malay,2003
Amar Asyraf,Blok 404: Hidup Sampai Mati ,2018,Thriller,Male,Malay,2011
Boy Iman,Blok 404: Hidup Sampai Mati ,2018,Thriller,Male,Malay,2004
Raja Azrey,Blok 404: Hidup Sampai Mati ,2018,Thriller,Male,Malay,2004
Zamarul Hisham,Blok 404: Hidup Sampai Mati ,2018,Thriller,Male,Malay,2001
Nur Fathiah Diaz,Boboiboy Movie 2,2019,Animation,Female,Malay,2009
Anas Abdul Aziz,Boboiboy Movie 2,2019,Animation,Male,Malay,2016
Nizam Razak,Boboiboy Movie 2,2019,Animation,Male,Malay,2016
Nur Sarah Alisya,Boboiboy Movie 2,2019,Animation,Female,Malay,2016
Wong Wai Kay,Boboiboy Movie 2,2019,Animation,Male,Chinese,2016
Yap Ee Jean,Boboiboy Movie 2,2019,Animation,Female,Chinese,2011
Hazwani Hamizah Mahayuddin,Boboiboy Movie 2,2019,Animation,Female,Malay,2019
Ieesya Isandra,Boboiboy Movie 2,2019,Animation,Female,Malay,2019
Muhammad Abdurrahman Solahuddin,Boboiboy Movie 2,2019,Animation,Male,Malay,2019
Nur Fathiah Diaz,BoBoiBoy: The Movie,2016,Animation,Female,Malay,2009
Anas Abdul Aziz,BoBoiBoy: The Movie,2016,Animation,Male,Malay,2016
Nizam Razak,BoBoiBoy: The Movie,2016,Animation,Male,Malay,2016
Nur Sarah Alisya,BoBoiBoy: The Movie,2016,Animation,Female,Malay,2016
Wong Wai Kay,BoBoiBoy: The Movie,2016,Animation,Male,Chinese,2016
Yap Ee Jean,BoBoiBoy: The Movie,2016,Animation,Female,Chinese,2011
Azman Zulkiply,BoBoiBoy: The Movie,2016,Animation,Male,Malay,2019
Mohd Fathi Diaz,BoBoiBoy: The Movie,2016,Animation,Male,Malay,2016
Usamah Widiatmoko,BoBoiBoy: The Movie,2016,Animation,Male,Malay,2016
Johan As'ari,Bo-Peng,2016,Comedy,Male,Malay,2013
Fauzi Nawawi,Bo-Peng,2016,Comedy,Male,Malay,2007
Ellie Suriati,Bo-Peng,2016,Comedy,Female,Malay,1999
Nabil Ahmad,Bo-Peng,2016,Comedy,Male,Malay,2009
Zulin Aziz,Bo-Peng,2016,Comedy,Female,Malay,2014
Soffi Jikan,Bo-Peng,2016,Comedy,Male,Malay,2001
Wanna Ali,Bo-Peng,2016,Comedy,Female,Malay,2012
Siti Saleha,Bravo 5,2015,Action,Female,Malay,2013
Xavier Fong,Bravo 5,2015,Action,Male,Chinese,2010
Sharisa Haris,Bravo 5,2015,Action,Female,Malay,2014
Beto Kusyairy,Bravo 5,2015,Action,Male,Malay,2011
Soffi Jikan,Bravo 5,2015,Action,Male,Malay,2001
Fairil Emran Desa,Bravo 5,2015,Action,Male,Malay,2014
Frank Peterson,Bravo 5,2015,Action,Male,Malay,2015
Remy Ishak,Bravo 5,2015,Action,Male,Malay,2007
Shashi Tharan,Bravo 5,2015,Action,Female,Malay,2013
Nadia Brian,Bu Kasih Suci,2019,Drama,Female,Others,2018
Remy Ishak,Bu Kasih Suci,2019,Drama,Male,Malay,2007
Dian P. Ramlee,Bu Kasih Suci,2019,Drama,Female,Malay,1976
Iedil Putra,Bu Kasih Suci,2019,Drama,Male,Malay,1998
Nadiya Nisaa,Bu Kasih Suci,2019,Drama,Female,Malay,2009
Rashidi Ishak,Bu Kasih Suci,2019,Drama,Male,Malay,1999
Wan Hanafi Su,Bu Kasih Suci,2019,Drama,Male,Malay,1999
Mawar Rashid,Bu Kasih Suci,2019,Drama,Female,Malay,2019
Tia Sarah,Bu Kasih Suci,2019,Drama,Female,Malay,2019
Dynas Mokhtar,Bukan Cinta Malaikat,2018,Romantic,Female,Malay,2003
Ashraf Muslim,Bukan Cinta Malaikat,2018,Romantic,Male,Malay,2010
Bonda Afida,Bukan Cinta Malaikat,2018,Romantic,Female,Malay,2008
Donita,Bukan Cinta Malaikat,2018,Romantic,Female,Others,2007
Fachry Albar,Bukan Cinta Malaikat,2018,Romantic,Male,Others,2005
Nora Danish,Bukan Cinta Malaikat,2018,Romantic,Female,Malay,2005
Zizan Razak,Bulan dan Pria Terhebat,2020,Action,Male,Malay,2010
Khir Rahman,Bulan dan Pria Terhebat,2020,Action,Male,Malay,2004
Bell Ngasri,Bulan dan Pria Terhebat,2020,Action,Female,Malay,1995
Zahirah MacWilson,Bulan dan Pria Terhebat,2020,Action,Female,Others,2020
Sofia Dendroff,Bulan dan Pria Terhebat,2020,Action,Female,Malay,2020
Alif Hadi,Bulan dan Pria Terhebat,2020,Action,Male,Malay,2020
Maya Karin,Bulan dan Pria Terhebat,2020,Action,Female,Others,2001
Mas Khan,Busker,2018,Romantic,Male,Others,2015
Anas Ridzuan,Busker,2018,Romantic,Male,Malay,2014
Bulan Terry,Busker,2018,Romantic,Female,Others,2018
Daiyan Trisha,Busker,2018,Romantic,Female,Malay,2015
Hafreez Mikail,Busker,2018,Romantic,Male,Malay,2010
Lia Natalia,Busker,2018,Romantic,Female,Malay,2012
Along Eyzendy,Busut Bonang,2019,Comedy,Male,Malay,2003
Nadzmi Adhwa,Busut Bonang,2019,Comedy,Male,Malay,2016
Sahronizam Noor,Busut Bonang,2019,Comedy,Male,Malay,2004
Rashidah Jaafar,Busut Bonang,2019,Comedy,Female,Malay,1983
Ropie Cecupak,Busut Bonang,2019,Comedy,Male,Malay,2001
Abby Nadzri,Busut Bonang,2019,Comedy,Female,Malay,2019
Aloy Paradoks,Busut Bonang,2019,Comedy,Male,Malay,2018
Hairi Safwan,Busut Bonang,2019,Comedy,Male,Malay,2012
Jasper Supayah,Busut Bonang,2019,Comedy,Female,Others,2018
Aeril Zafrel,CCTV,2015,Horror,Male,Malay,2010
Hasnul Rahmat,CCTV,2015,Horror,Male,Malay,1997
Ardell Aryana,CCTV,2015,Horror,Female,Malay,2015
Asliza Abdullah,CCTV,2015,Horror,Female,Malay,2015
Dino Pak,CCTV,2015,Horror,Male,Malay,2015
Jeff Omar,CCTV,2015,Horror,Male,Malay,2013
Vanessa Chong,CCTV,2015,Horror,Female,Chinese,2010
Farwizah,Cendol: Kepada Allah Aku Berserah,2016,Drama,Female,Malay,2016
Ma'arof,Cendol: Kepada Allah Aku Berserah,2016,Drama,Male,Malay,2016
Zack Idris,Cendol: Kepada Allah Aku Berserah,2016,Drama,Male,Malay,1995
Adam Muqri,Cerita-Cerita Didi And Friends,2017,Animation,Male,Malay,2017
Alia Safira,Cerita-Cerita Didi And Friends,2017,Animation,Female,Malay,2017
Muntazar Ghufran,Cerita-Cerita Didi And Friends,2017,Animation,Male,Malay,2017
Nur Insyeerah,Cerita-Cerita Didi And Friends,2017,Animation,Female,Malay,2017
Nur Risteena,Chowrasta,2015,Action,Female,Malay,2013
Aminah Rhapor,Chowrasta,2015,Action,Female,Malay,2015
Fauzi Nawawi,Chowrasta,2015,Action,Male,Malay,2007
Wan Hanafi Su,Chowrasta,2015,Action,Male,Malay,1999
Nora Danish,Chowrasta,2015,Action,Female,Malay,2005
Cheem Ammar,Chowrasta,2015,Action,Male,Malay,2015
Datuk Rosyam Nor ,Chowrasta,2015,Action,Male,Malay,1986
Zizan Razak,Cicakman 3,2015,Comedy,Male,Malay,2010
Bell Ngasri,Cicakman 3,2015,Comedy,Female,Malay,1995
Rashidi Ishak,Cicakman 3,2015,Comedy,Male,Malay,1999
Adam Corrie,Cicakman 3,2015,Comedy,Male,Chinese,2001
Fizz Fairuz,Cicakman 3,2015,Comedy,Male,Malay,2006
Lisa Surihani,Cicakman 3,2015,Comedy,Female,Malay,2006
Rykarl Iskandar,Cicakman 3,2015,Comedy,Male,Malay,2012
Pekin Ibrahim,Coverina,2015,Action,Male,Malay,2004
Cat Farish,Coverina,2015,Action,Male,Malay,2005
Kodi Rasheed,Coverina,2015,Action,Male,Malay,2014
Siti Elizad,Coverina,2015,Action,Female,Malay,2004
Dato' Jalaluddin Hassan,Darah Panas,2015,Comedy,Male,Malay,1994
Soffi Jikan,Darah Panas,2015,Comedy,Male,Malay,2001
Vanessa Chong,Darah Panas,2015,Comedy,Female,Chinese,2010
Adam Corrie,Darah Panas,2015,Comedy,Male,Chinese,2001
Aznah Hamid,Darah Panas,2015,Comedy,Female,Malay,1978
Nur Fathia,Darah Panas,2015,Comedy,Female,Malay,2011
Sharnaaz Ahmad,Darah Panas,2015,Comedy,Male,Malay,2011
Namron,Dendam Pontianak,2019,Horror,Male,Malay,2000
Remy Ishak,Dendam Pontianak,2019,Horror,Male,Malay,2007
Wan Hanafi Su,Dendam Pontianak,2019,Horror,Male,Malay,1999
Hisyam Hamid,Dendam Pontianak,2019,Horror,Male,Malay,2015
Nadia Aqilah,Dendam Pontianak,2019,Horror,Female,Malay,2012
Nadiah M. Din,Dendam Pontianak,2019,Horror,Female,Malay,2012
Nur Fazura,Dendam Pontianak,2019,Horror,Female,Malay,2004
Shenty Feliziana,Dendam Pontianak,2019,Horror,Female,Malay,2012
Tony Eusoff,Dendam Pontianak,2019,Horror,Male,Others,2004
Pekin Ibrahim,Desolasi,2016,Sci-fi,Male,Malay,2004
Syamsul Yusof,Desolasi,2016,Sci-fi,Male,Malay,1998
Dato' Jalaluddin Hassan,Desolasi,2016,Sci-fi,Male,Malay,1994
Aida Khalida,Desolasi,2016,Sci-fi,Female,Malay,1992
Bella Dally,Desolasi,2016,Sci-fi,Female,Malay,2011
C. Kumaresan,Desolasi,2016,Sci-fi,Male,Indian,2008
Jacky Kam,Desolasi,2016,Sci-fi,Male,Chinese,2013
Siraj Alsagoff,Desolasi,2016,Sci-fi,Male,Malay,2016
Aedy Ashraf,Dorm Melati,2017,Horror,Male,Malay,2003
Ardell Aryana,Dorm Melati,2017,Horror,Female,Malay,2015
Nadia Aqilah,Dorm Melati,2017,Horror,Female,Malay,2012
Adam Shahz,Dorm Melati,2017,Horror,Male,Malay,2013
Aizat Hassan,Dorm Melati,2017,Horror,Male,Malay,2010
Julia Farhana Marin,Dorm Melati,2017,Horror,Female,Malay,2011
Sabrina Ali,Dorm Melati,2017,Horror,Female,Malay,2011
Syaa Nasir,Dorm Melati,2017,Horror,Female,Malay,2017
Erwin Dawson,Dubai My Love,2017,Romantic,Male,Malay,2012
Ben Ali,Dubai My Love,2017,Romantic,Male,Malay,2017
Hanna Aqeela,Dubai My Love,2017,Romantic,Female,Malay,2017
Putri Najuwa,Dubai My Love,2017,Romantic,Female,Malay,2017
Hasnul Rahmat,Dukun,2018,Thriller,Male,Malay,1997
Namron,Dukun,2018,Thriller,Male,Malay,2000
Bront Palarae,Dukun,2018,Thriller,Male,Malay,2003
Soffi Jikan,Dukun,2018,Thriller,Male,Malay,2001
Datin Umie Aida,Dukun,2018,Thriller,Female,Malay,1991
Elyana,Dukun,2018,Thriller,Female,Malay,2006
Faizal Hussein,Dukun,2018,Thriller,Male,Malay,1972
Kin Wah Chew,Dukun,2018,Thriller,Male,Chinese,2001
Ramli Hassan,Dukun,2018,Thriller,Male,Malay,1999
Fasha Sandha,Dukun Doktor Dani,2016,Comedy,Female,Malay,2003
Amerul Affendi,Dukun Doktor Dani,2016,Comedy,Male,Malay,2009
Khatijah Tan,Dukun Doktor Dani,2016,Comedy,Female,Malay,1996
Raysha Rizrose,Dukun Doktor Dani,2016,Comedy,Female,Malay,2016
Taufik Batisah,Dukun Doktor Dani,2016,Comedy,Male,Others,2016
Yus Jambu,Dukun Doktor Dani,2016,Comedy,Male,Malay,2011
Azman Zulkiply,Ejen Ali The Movie,2019,Animation,Male,Malay,2019
Abu Shafian Abd Hamid,Ejen Ali The Movie,2019,Animation,Male,Malay,2019
Ahmad Sufian Mazilan,Ejen Ali The Movie,2019,Animation,Male,Malay,2017
Ida Rahayu Yusoff,Ejen Ali The Movie,2019,Animation,Female,Malay,2019
Megat Zahrin Megat Hisham,Ejen Ali The Movie,2019,Animation,Male,Malay,2019
Nabilah Rais,Ejen Ali The Movie,2019,Animation,Female,Malay,2019
Noorhayati Maslini Omar,Ejen Ali The Movie,2019,Animation,Female,Malay,2016
Salina Salmee Mohd Ali,Ejen Ali The Movie,2019,Animation,Female,Malay,2019
Shafiq Isa,Ejen Ali The Movie,2019,Animation,Male,Malay,2019
Sharifah Shahirah,Enjin No. 9,2018,Comedy,Female,Malay,1993
Hafiz Bahari,Enjin No. 9,2018,Comedy,Male,Malay,2012
Kazar Saisi,Enjin No. 9,2018,Comedy,Male,Malay,2007
Ayuni Asyiqin,Enjin No. 9,2018,Comedy,Female,Malay,2018
Tajul Arif,Enjin No. 9,2018,Comedy,Male,Malay,2018
Nashra Shah,Felina,2019,Horror,Female,Malay,2018
Raja Ilya,Felina,2019,Horror,Female,Malay,2009
Zaidi Omar,Felina,2019,Horror,Male,Malay,1992
Clarence Kuna,Felina,2019,Horror,Female,Chinese,2019
Kamal Rezuan,Felina,2019,Horror,Male,Malay,2019
Khairul Anuar,Felina,2019,Horror,Male,Malay,2019
Nur Qistina Raisah,Felina,2019,Horror,Female,Malay,2014
Seha Monica,Felina,2019,Horror,Female,Malay,2019
Syafiq Jamil,Felina,2019,Horror,Male,Malay,2019
Adeline Tsen,Gamatisme,2015,Horror,Female,Others,2010
Bubu,Gamatisme,2015,Horror,Male,Malay,2015
Idris Mad Diah,Gamatisme,2015,Horror,Male,Malay,1989
Nabila Huda,Gamatisme,2015,Horror,Female,Malay,2001
Norish Karman,Gamatisme,2015,Horror,Female,Malay,1995
Syazwan Zulkifly,Gamatisme,2015,Horror,Male,Malay,2013
Wan Elyas,Gamatisme,2015,Horror,Male,Malay,2008
Izara Aishah,Gangster Rock,2015,Comedy,Female,Malay,2013
Namron,Gangster Rock,2015,Comedy,Male,Malay,2000
Aqasha,Gangster Rock,2015,Comedy,Male,Malay,2002
Khir Rahman,Gangster Rock,2015,Comedy,Male,Malay,2004
Soffi Jikan,Gangster Rock,2015,Comedy,Male,Malay,2001
Harun Salim Bachik,Gangster Rock,2015,Comedy,Male,Malay,2005
Julia Ziegler,Gangster Rock,2015,Comedy,Female,Malay,2007
Saiful Apek,Gangster Rock,2015,Comedy,Male,Malay,1998
Sharifah Amani,Gangster Rock,2015,Comedy,Female,Malay,2005
Chacha Maembong,Garang: Aku Luar Biasa,2019,Action,Female,Malay,2017
Jalil Hamid,Garang: Aku Luar Biasa,2019,Action,Male,Malay,1990
Wan Hanafi Su,Garang: Aku Luar Biasa,2019,Action,Male,Malay,1999
Ahmad Maembong,Garang: Aku Luar Biasa,2019,Action,Male,Malay,2015
Pablo Amirul,Garang: Aku Luar Biasa,2019,Action,Male,Malay,2013
Adam Lee,Garang: Aku Luar Biasa,2019,Action,Male,Malay,2014
Izam Abdul Hamid,Garang: Aku Luar Biasa,2019,Action,Male,Malay,2019
John Elijah,Garang: Aku Luar Biasa,2019,Action,Male,Chinese,2019
Osman Omar,Garang: Aku Luar Biasa,2019,Action,Male,Malay,2019
Aeril Zafrel,Geran,2019,Action,Male,Malay,2010
Azlan Komeng,Geran,2019,Action,Male,Malay,2000
Namron,Geran,2019,Action,Male,Malay,2000
Niezam Zaidi,Geran,2019,Action,Male,Malay,2012
Taiyuddin Bakar,Geran,2019,Action,Male,Malay,2007
Fad Anuar,Geran,2019,Action,Male,Malay,2014
Feiyna Tajudin,Geran,2019,Action,Female,Malay,2019
Khoharullah Majid,Geran,2019,Action,Male,Malay,2019
Megat Shahrizal,Geran,2019,Action,Male,Malay,2019
Nur Risteena,Girlfriend Kontrak,2015,Romantic,Female,Malay,2013
Mustapha Kamal,Girlfriend Kontrak,2015,Romantic,Male,Malay,1988
Bront Palarae,Girlfriend Kontrak,2015,Romantic,Male,Malay,2003
Azad Yasmin,Girlfriend Kontrak,2015,Romantic,Male,Malay,2007
Fara Fauzana,Girlfriend Kontrak,2015,Romantic,Female,Malay,2004
Keith Foo,Girlfriend Kontrak,2015,Romantic,Male,Others,2009
Ummi Nazeera,Gol & Gincu Vol. 2,2018,Comedy,Female,Malay,2010
Aedy Ashraf,Gol & Gincu Vol. 2,2018,Comedy,Male,Malay,2003
Sharifah Amani,Gol & Gincu Vol. 2,2018,Comedy,Female,Malay,2005
Diana Danielle,Gol & Gincu Vol. 2,2018,Comedy,Female,Malay,2002
Sazzy Falak,Gol & Gincu Vol. 2,2018,Comedy,Male,Malay,2005
Syafiq Kyle,Gol & Gincu Vol. 2,2018,Comedy,Male,Malay,2018
Along Eyzendy,Gudang Kubur,2015,Horror,Male,Malay,2003
Atiqah Suhaime,Gudang Kubur,2015,Horror,Female,Malay,2013
Epy Kodiang,Gudang Kubur,2015,Horror,Male,Malay,2012
Nora Danish,Gudang Kubur,2015,Horror,Female,Malay,2005
Faizal Hussein,Gudang Kubur,2015,Horror,Male,Malay,1972
Pablo Amirul,Gudang Kubur,2015,Horror,Male,Malay,2013
Niezam Zaidi,Gudang Kubur,2015,Horror,Male,Malay,2012
Along Eyzendy,Hantu Bungkus Ikat Tepi,2015,Comedy,Male,Malay,2003
Farid Kamil,Hantu Bungkus Ikat Tepi,2015,Comedy,Male,Malay,2003
Abam Bocey,Hantu Bungkus Ikat Tepi,2015,Comedy,Male,Malay,2014
Tauke Jambu,Hantu Bungkus Ikat Tepi,2015,Comedy,Male,Malay,2003
Epy Kodiang,Hantu Bungkus Ikat Tepi,2015,Comedy,Male,Malay,2012
Nora Danish,Hantu Bungkus Ikat Tepi,2015,Comedy,Female,Malay,2005
Yus Jambu,Hantu Bungkus Ikat Tepi,2015,Comedy,Male,Malay,2011
Pablo Amirul,Hantu Bungkus Ikat Tepi,2015,Comedy,Male,Malay,2013
Kartina Aziz,Hantu Bungkus Ikat Tepi,2015,Comedy,Female,Malay,1992
Awie,Hantu Kak Limah 3 ,2018,Comedy,Male,Malay,1993
Ropie Cecupak,Hantu Kak Limah 3 ,2018,Comedy,Male,Malay,2001
Delimawati,Hantu Kak Limah 3 ,2018,Comedy,Female,Malay,2001
Zul Ariffin,Hantu Kak Limah 3 ,2018,Comedy,Male,Malay,2010
Mus May,Hantu Kak Limah 3 ,2018,Comedy,Male,Malay,2012
Rab Khalid,Hantu Kak Limah 3 ,2018,Comedy,Male,Malay,2010
Sharwani NS,Hantu Kak Limah 3 ,2018,Comedy,Female,Malay,2006
TJ Isa,Hantu Kak Limah 3 ,2018,Comedy,Male,Malay,2018
Uqasha Senrose,Hantu Kak Limah 3 ,2018,Comedy,Female,Malay,2010
Achey Bocey,Hantu Wangan,2018,Comedy,Male,Malay,2014
Nur Risteena,Hantu Wangan,2018,Comedy,Female,Malay,2013
Cat Farish,Hantu Wangan,2018,Comedy,Male,Malay,2005
Ruminah Sidek,Hantu Wangan,2018,Comedy,Female,Malay,1968
Bront Palarae,Hanyut,2016,Drama,Male,Malay,2003
Diana Danielle,Hanyut,2016,Drama,Female,Malay,2002
Adi Putra,Hanyut,2016,Drama,Male,Malay,2007
Ainin Batrisya,Hanyut,2016,Drama,Female,Malay,2016
Alex Komang,Hanyut,2016,Drama,Male,Others,1985
Jonathan Putra,Hanyut,2016,Drama,Male,Others,2016
Peter O'Brian,Hanyut,2016,Drama,Male,Others,1986
Sabri Yunus,Hanyut,2016,Drama,Male,Malay,1990
Sofea Jane,Hanyut,2016,Drama,Female,Malay,1990
Siti Elizad,Harmonika,2016,Thriller,Female,Malay,2004
Ainin Batrisya,Harmonika,2016,Thriller,Female,Malay,2016
Jonathan Putra,Harmonika,2016,Thriller,Male,Others,2016
Ahya Ulumuddin Rosli,Harmonika,2016,Thriller,Male,Malay,2016
Elizad Sharifuddin,Harmonika,2016,Thriller,Female,Malay,2004
Normah Damanhuri,Harmonika,2016,Thriller,Female,Malay,1999
Nurul Fateha,Harmonika,2016,Thriller,Female,Malay,2016
Riezman Khuzaimi,Harmonika,2016,Thriller,Male,Malay,1995
Taznisa J.,Harmonika,2016,Thriller,Female,Malay,2016
Shaharuddin Thamby,Hero: Jangan Bikin Panas,2019,Comedy,Male,Malay,1989
Mark Adam,Hero: Jangan Bikin Panas,2019,Comedy,Male,Others,2019
Riz Amin,Hero: Jangan Bikin Panas,2019,Comedy,Male,Malay,2007
Kazar Saisi,Hero: Jangan Bikin Panas,2019,Comedy,Male,Malay,2007
Tauke Jambu,Hero: Jangan Bikin Panas,2019,Comedy,Male,Malay,2003
Elisya Sandha,Hero: Jangan Bikin Panas,2019,Comedy,Female,Malay,2015
Bell Ngasri,Hero: Jangan Bikin Panas,2019,Comedy,Female,Malay,1995
Hisyam Hamid,Hero: Jangan Bikin Panas,2019,Comedy,Male,Malay,2015
Jesse Lim,Hero: Jangan Bikin Panas,2019,Comedy,Male,Chinese,2001
Betty Banafe,Hijabista Ballet,2017,Drama,Male,Malay,2004
Aida Khalida,Hijabista Ballet,2017,Drama,Female,Malay,1992
Afeerah Rahman,Hijabista Ballet,2017,Drama,Female,Malay,2017
Alif Azeman,Hijabista Ballet,2017,Drama,Male,Malay,2017
Aman Graseka,Hijabista Ballet,2017,Drama,Male,Malay,1995
Gemma Sharpe,Hijabista Ballet,2017,Drama,Female,Others,2017
Puteh Maimun Zahrah,Hijabista Ballet,2017,Drama,Female,Malay,2017
Rachel Tabithanya,Hijabista Ballet,2017,Drama,Female,Others,2017
Sally Bruce,Hijabista Ballet,2017,Drama,Female,Chinese,2012
Ruminah Sidek,Homestay: Permainan Maut,2019,Horror,Female,Malay,1968
Kay Shan,Homestay: Permainan Maut,2019,Horror,Male,Malay,2015
Asward Naslim,Homestay: Permainan Maut,2019,Horror,Male,Malay,2019
Iswadi,Homestay: Permainan Maut,2019,Horror,Male,Malay,2019
Siva Garuda,Homestay: Permainan Maut,2019,Horror,Male,Indian,2017
Sofea Shaheera,Homestay: Permainan Maut,2019,Horror,Female,Malay,2019
Sri Priya,Homestay: Permainan Maut,2019,Horror,Female,Indian,2019
Syamimi,Homestay: Permainan Maut,2019,Horror,Female,Malay,2019
Ud. Nordin,Homestay: Permainan Maut,2019,Horror,Male,Malay,2019
Fizz Fairuz,Hospital,2017,Horror,Male,Malay,2006
Julia Farhana Marin,Hospital,2017,Horror,Female,Malay,2011
Fatin Afeefa,Hospital,2017,Horror,Female,Malay,2006
Nina Iskandar,Hospital,2017,Horror,Female,Malay,2013
Ramona Zamzam,Hospital,2017,Horror,Male,Malay,2006
Shima Anuar,Hospital,2017,Horror,Female,Malay,2011
Iedil Putra,Interchange,2016,Fantasy,Male,Malay,1998
Nadiya Nisaa,Interchange,2016,Fantasy,Female,Malay,2009
Kin Wah Chew,Interchange,2016,Fantasy,Male,Chinese,2001
Alvin Wong,Interchange,2016,Fantasy,Male,Chinese,2011
Nicholas Saputra,Interchange,2016,Fantasy,Male,Others,2002
Prisia Nasution,Interchange,2016,Fantasy,Female,Others,2011
Shaheizy Sam,Interchange,2016,Fantasy,Male,Malay,1995
Abam Bocey,Isteri Untuk Dijual,2015,Romantic,Male,Malay,2014
Kamal Adli,Isteri Untuk Dijual,2015,Romantic,Male,Malay,2010
Azwan Kombos,Isteri Untuk Dijual,2015,Romantic,Male,Malay,2010
Sharisa Haris,Isteri Untuk Dijual,2015,Romantic,Female,Malay,2014
Nora Danish,Isteri Untuk Dijual,2015,Romantic,Female,Malay,2005
Aizat Hassan,Isteri Untuk Dijual,2015,Romantic,Male,Malay,2010
Adriana Farisha,Isteri Untuk Dijual,2015,Romantic,Female,Malay,2015
Anam Azizan,Isteri Untuk Dijual,2015,Romantic,Male,Malay,2014
Vicha Saywho,Isteri Untuk Dijual,2015,Romantic,Female,Malay,2014
Liyana Jasmay,Isyarat Cinta,2015,Romantic,Female,Malay,2006
Adi Putra,Isyarat Cinta,2015,Romantic,Male,Malay,2007
Fizo Omar,Isyarat Cinta,2015,Romantic,Male,Malay,2010
Farid Kamil,J Revolusi,2017,Action,Male,Malay,2003
Izara Aishah,J Revolusi,2017,Action,Female,Malay,2013
Iedil Putra,J Revolusi,2017,Action,Male,Malay,1998
Nur Fazura,J Revolusi,2017,Action,Female,Malay,2004
Azad Yasmin,J Revolusi,2017,Action,Male,Malay,2007
Zul Ariffin,J Revolusi,2017,Action,Male,Malay,2010
Shahfiez,Jalan Puncak Alam,2015,Horror,Male,Malay,2007
Azwan Kombos,Jalan Puncak Alam,2015,Horror,Male,Malay,2010
Epy Kodiang,Jalan Puncak Alam,2015,Horror,Male,Malay,2012
Niezam Zaidi,Jalan Puncak Alam,2015,Horror,Male,Malay,2012
Pekin Ibrahim,Jejak Warrior,2015,Drama,Male,Malay,2004
Bell Ngasri,Jejak Warrior,2015,Drama,Female,Malay,1995
Nadiya Nisaa,Jejak Warrior,2015,Drama,Female,Malay,2009
Harun Salim Bachik,Jejak Warrior,2015,Drama,Male,Malay,2005
Sabri Yunus,Jejak Warrior,2015,Drama,Male,Malay,1990
Aliff Firdaus,Jejak Warrior,2015,Drama,Male,Malay,2015
Khairul Fahmi Che Mat,Jejak Warrior,2015,Drama,Male,Malay,2015
Fauziah Ahmad Daud,Jejak Warrior,2015,Drama,Female,Malay,1973
Radhi Khalid,Jejak Warrior,2015,Drama,Male,Malay,1992
Raja Azrey,Jengka,2015,Horror,Male,Malay,2004
Riezman Khuzaimi,Jengka,2015,Horror,Male,Malay,1995
Ramona Zamzam,Jengka,2015,Horror,Male,Malay,2006
Afida Es,Jengka,2015,Horror,Female,Malay,2012
Eyka Farhana,Jengka,2015,Horror,Female,Malay,2015
Jobot Maheran,Jengka,2015,Horror,Male,Malay,2015
Sahiddin Sabari,Jengka,2015,Horror,Male,Malay,2015
Fadlan Hazim,Jibam,2017,Drama,Male,Malay,2014
Kazar Saisi,Jibam,2017,Drama,Male,Malay,2007
Bohari Ibrahim,Jibam,2017,Drama,Male,Malay,2001
Esma Daniel,Jibam,2017,Drama,Male,Malay,1992
Kamarool Yusoff,Jibam,2017,Drama,Male,Malay,1985
Mia Ahmad,Jibam,2017,Drama,Female,Malay,2017
Mohd. Ariff Abdullah,Jibam,2017,Drama,Male,Malay,2017
Nur Farahaizah,Jibam,2017,Drama,Female,Malay,2017
Shafie Naswip,Jibam,2017,Drama,Male,Malay,2007
Abam Bocey,Jodoh Syaitan,2020,Comedy,Male,Malay,2014
Aprena Manrose,Jodoh Syaitan,2020,Comedy,Female,Malay,2018
Soffi Jikan,Jodoh Syaitan,2020,Comedy,Male,Malay,2001
Kamarool Yusoff,Jodoh Syaitan,2020,Comedy,Male,Malay,1985
Fauziah Nawi,Jodoh Syaitan,2020,Comedy,Female,Malay,1981
Jay Iswazir,Jodoh Syaitan,2020,Comedy,Male,Malay,2017
Johan As'ari,Juvana 2,2015,Action,Male,Malay,2013
Pekin Ibrahim,Juvana 2,2015,Action,Male,Malay,2004
Nad Zainal,Juvana 2,2015,Action,Female,Malay,2012
Sweet Qismina,Juvana 2,2015,Action,Female,Malay,2008
Hasnul Rahmat,Juvana 2,2015,Action,Male,Malay,1997
Adam Shahz,Juvana 2,2015,Action,Male,Malay,2013
Eyka Farhana,Juvana 2,2015,Action,Female,Malay,2015
Khairul Mohamed,Juvana 2,2015,Action,Male,Malay,2013
Zahiril Adzim,Juvana 2,2015,Action,Male,Malay,2008
Johan As'ari,Juvana 3: Perhitungan Terakhir,2016,Action,Male,Malay,2013
Nad Zainal,Juvana 3: Perhitungan Terakhir,2016,Action,Female,Malay,2012
Sweet Qismina,Juvana 3: Perhitungan Terakhir,2016,Action,Female,Malay,2008
Hasnul Rahmat,Juvana 3: Perhitungan Terakhir,2016,Action,Male,Malay,1997
Adam Shahz,Juvana 3: Perhitungan Terakhir,2016,Action,Male,Malay,2013
Eyka Farhana,Juvana 3: Perhitungan Terakhir,2016,Action,Female,Malay,2015
Zahiril Adzim,Juvana 3: Perhitungan Terakhir,2016,Action,Male,Malay,2008
Hafreez Adam,Juvana 3: Perhitungan Terakhir,2016,Action,Male,Malay,2015
Cristina Suzanne,Jwanita,2015,Horror,Female,Malay,2007
Marsha Milan Londoh,Jwanita,2015,Horror,Female,Malay,2006
Bront Palarae,Jwanita,2015,Horror,Male,Malay,2003
Maya Karin,Jwanita,2015,Horror,Female,Others,2001
Datin Umie Aida,Jwanita,2015,Horror,Female,Malay,1991
Sazzy Falak,Kamar Seksa,2017,Drama,Male,Malay,2005
Aiyuni Hashim,Kamar Seksa,2017,Drama,Female,Malay,2017
Ieda Moin,Kamar Seksa,2017,Drama,Female,Malay,2016
Noorkhiriah,Kamar Seksa,2017,Drama,Female,Malay,2003
Pekin Ibrahim,Kampung Drift,2016,Comedy,Male,Malay,2004
Pablo Amirul,Kampung Drift,2016,Comedy,Male,Malay,2013
Fatin Afeefa,Kampung Drift,2016,Comedy,Female,Malay,2006
Shafie Naswip,Kampung Drift,2016,Comedy,Male,Malay,2007
Johan As'ari,Kanang Anak Langkau: The Iban Warrior,2017,Action,Male,Malay,2013
Taufiq Hanafi,Kanang Anak Langkau: The Iban Warrior,2017,Action,Male,Malay,2016
Adam Shahz,Kanang Anak Langkau: The Iban Warrior,2017,Action,Male,Malay,2013
Adi Putra,Kanang Anak Langkau: The Iban Warrior,2017,Action,Male,Malay,2007
Jay Iswazir,Kanang Anak Langkau: The Iban Warrior,2017,Action,Male,Malay,2017
Aidil Aziz,Kanang Anak Langkau: The Iban Warrior,2017,Action,Male,Malay,2010
Langgi Kanang,Kanang Anak Langkau: The Iban Warrior,2017,Action,Male,Others,2017
Ruzana Ibrahim,Kanang Anak Langkau: The Iban Warrior,2017,Action,Female,Malay,2012
Zachery Francis,Kanang Anak Langkau: The Iban Warrior,2017,Action,Male,Others,2003
Shaharuddin Thamby,Kapsul,2015,Sci-fi,Male,Malay,1989
Fadilah Mansor,Kapsul,2015,Sci-fi,Male,Malay,2000
Zamarul Hisham,Kapsul,2015,Sci-fi,Male,Malay,2001
Faizal Hussein,Kapsul,2015,Sci-fi,Male,Malay,1972
Zaidi Omar,Kapsul,2015,Sci-fi,Male,Malay,1992
Zila Bakarin,Kapsul,2015,Sci-fi,Female,Malay,1996
Elly Mazlein,Kapsul,2015,Sci-fi,Female,Malay,2003
Haeriyanto Hassan,Kapsul,2015,Sci-fi,Male,Malay,2013
Ucop Cecupak,Kapsul,2015,Sci-fi,Male,Malay,2014
Ezzaty Abdullah,Kau Takdirku,2017,Romantic,Female,Malay,2015
Bront Palarae,Kau Takdirku,2017,Romantic,Male,Malay,2003
Remy Ishak,Kau Takdirku,2017,Romantic,Male,Malay,2007
Aisya Hasnaa,Kau Takdirku,2017,Romantic,Female,Malay,2014
Megan Tan,Kau Takdirku,2017,Romantic,Female,Chinese,2017
Izara Aishah,Kau Yang Satu,2017,Romantic,Female,Malay,2013
Wan Hanafi Su,Kau Yang Satu,2017,Romantic,Male,Malay,1999
Hisyam Hamid,Kau Yang Satu,2017,Romantic,Male,Malay,2015
Zaidi Omar,Kau Yang Satu,2017,Romantic,Male,Malay,1992
Aaron Aziz,Kau Yang Satu,2017,Romantic,Male,Malay,2008
Amyra Rosli,Kau Yang Satu,2017,Romantic,Female,Malay,2017
Soo Wincci,Kau Yang Satu,2017,Romantic,Female,Chinese,2014
Abam Bocey,Kecoh! Primadona Kena Hantu,2016,Comedy,Male,Malay,2014
Kamal Adli,Kecoh! Primadona Kena Hantu,2016,Comedy,Male,Malay,2010
Khatijah Tan,Kecoh! Primadona Kena Hantu,2016,Comedy,Female,Malay,1996
Kamarool Yusoff,Kecoh! Primadona Kena Hantu,2016,Comedy,Male,Malay,1985
Amir Raja Lawak,Kecoh! Primadona Kena Hantu,2016,Comedy,Male,Malay,2013
Epy Kodiang,Keranda Tok Wan Terbang,2015,Comedy,Male,Malay,2012
Aizat Hassan,Keranda Tok Wan Terbang,2015,Comedy,Male,Malay,2010
Shima Anuar,Keranda Tok Wan Terbang,2015,Comedy,Female,Malay,2011
Anam Azizan,Keranda Tok Wan Terbang,2015,Comedy,Male,Malay,2014
Mak Jah,Keranda Tok Wan Terbang,2015,Comedy,Female,Malay,2005
Rahim Sepahtu,Keranda Tok Wan Terbang,2015,Comedy,Male,Malay,2014
Shuk SYJ,Keranda Tok Wan Terbang,2015,Comedy,Male,Malay,2012
Yassin Yahya,Keranda Tok Wan Terbang,2015,Comedy,Male,Malay,2000
Zakaria Zahid,Keranda Tok Wan Terbang,2015,Comedy,Male,Malay,2014
Shaharuddin Thamby,Kerja Kahwin,2017,Comedy,Male,Malay,1989
Hamid Gurkha,Kerja Kahwin,2017,Comedy,Male,Malay,1978
A. R. Badul,Kerja Kahwin,2017,Comedy,Male,Malay,1978
Aziz M. Osman,Kerja Kahwin,2017,Comedy,Male,Malay,1963
Daniella Sya,Kerja Kahwin,2017,Comedy,Female,Chinese,2011
Janna Nick,Kerja Kahwin,2017,Comedy,Female,Malay,2016
Rosnani Jamil,Kerja Kahwin,2017,Comedy,Female,Malay,1952
Syanie,Kerja Kahwin,2017,Comedy,Female,Malay,2017
Normah Damanhuri,Kimchi Untuk Awak,2017,Comedy,Female,Malay,1999
Janna Nick,Kimchi Untuk Awak,2017,Comedy,Female,Malay,2016
Aiman Hakim Ridza,Kimchi Untuk Awak,2017,Comedy,Male,Malay,2017
Dira Abu Zahar,Kimchi Untuk Awak,2017,Comedy,Female,Malay,2007
Emma Maembong,Kimchi Untuk Awak,2017,Comedy,Female,Malay,2015
Natasha Elyzza,Kimchi Untuk Awak,2017,Comedy,Female,Malay,2017
Sharifah Sakinah,Kimchi Untuk Awak,2017,Comedy,Female,Malay,2013
Ungku Hariz,Kimchi Untuk Awak,2017,Comedy,Male,Malay,2015
Atiqah Suhaime,Kipidap! Selamatkan Hari Jadi,2016,Comedy,Female,Malay,2013
Aizat Hassan,Kipidap! Selamatkan Hari Jadi,2016,Comedy,Male,Malay,2010
Julia Farhana Marin,Kipidap! Selamatkan Hari Jadi,2016,Comedy,Female,Malay,2011
Kartina Aziz,Kipidap! Selamatkan Hari Jadi,2016,Comedy,Female,Malay,1992
Hafreez Adam,Kipidap! Selamatkan Hari Jadi,2016,Comedy,Male,Malay,2015
Abdul Rani Kulup Abdullah,Kipidap! Selamatkan Hari Jadi,2016,Comedy,Male,Malay,2016
Josiah Hogan,KL Special Force,2018,Action,Male,Malay,2013
Shaharuddin Thamby,KL Special Force,2018,Action,Male,Malay,1989
Syamsul Yusof,KL Special Force,2018,Action,Male,Malay,1998
Datuk Rosyam Nor ,KL Special Force,2018,Action,Male,Malay,1986
Sabrina Ali,KL Special Force,2018,Action,Female,Malay,2011
Ramona Zamzam,KL Special Force,2018,Action,Male,Malay,2006
Esma Daniel,KL Special Force,2018,Action,Male,Malay,1992
Fattah Amin,KL Special Force,2018,Action,Male,Malay,2014
Puteri Balqis,KL Special Force,2018,Action,Female,Malay,2012
Josiah Hogan,KL Vampires,2019,Action,Male,Malay,2013
Aeril Zafrel,KL Vampires,2019,Action,Male,Malay,2010
Reen Rahim,KL Vampires,2019,Action,Female,Malay,2013
Raja Ilya,KL Vampires,2019,Action,Female,Malay,2009
Saiful Apek,KL Vampires,2019,Action,Male,Malay,1998
Pablo Amirul,KL Vampires,2019,Action,Male,Malay,2013
Mustaqim Bahadon,KL Vampires,2019,Action,Male,Malay,2013
Donny Alamsyah,KL Vampires,2019,Action,Male,Others,2019
Ismi Melinda,KL Vampires,2019,Action,Female,Malay,2009
Pekin Ibrahim,KL Wangan,2017,Action,Male,Malay,2004
Kodi Rasheed,KL Wangan,2017,Action,Male,Malay,2014
Faizal Hussein,KL Wangan,2017,Action,Male,Malay,1972
Kamarool Yusoff,KL Wangan,2017,Action,Male,Malay,1985
Emily Lim,KL Wangan,2017,Action,Female,Chinese,2008
Jasmine Suraya,KL Wangan,2017,Action,Female,Chinese,2014
Kazuto Soon,KL Wangan,2017,Action,Male,Chinese,2017
Kamal Adli,Kolestrol VS Cinta,2017,Romantic,Male,Malay,2010
Ardell Aryana,Kolestrol VS Cinta,2017,Romantic,Female,Malay,2015
Siti Elizad,Kolestrol VS Cinta,2017,Romantic,Female,Malay,2004
Julia Farhana Marin,Kolestrol VS Cinta,2017,Romantic,Female,Malay,2011
Anam Azizan,Kolestrol VS Cinta,2017,Romantic,Male,Malay,2014
Vicha Saywho,Kolestrol VS Cinta,2017,Romantic,Female,Malay,2014
Dayang Areeda,Kolestrol VS Cinta,2017,Romantic,Female,Malay,2016
Farahdhiya,Kolestrol VS Cinta,2017,Romantic,Female,Malay,2007
Tiz Zaqyah,Kolestrol VS Cinta,2017,Romantic,Female,Malay,2011
Wan Raja,Kolong,2019,Horror,Male,Malay,2009
Joey Daud,Kolong,2019,Horror,Male,Malay,2011
Annie Arifin,Kolong,2019,Horror,Female,Malay,2019
Luthya Sury Widjaja,Kolong,2019,Horror,Female,Others,2015
Mamak Puteh,Kolong,2019,Horror,Male,Malay,2014
Vanessa Angel,Kolong,2019,Horror,Female,Others,2008
Aman Graseka,Kron,2019,Drama,Male,Malay,1995
Bohari Ibrahim,Kron,2019,Drama,Male,Malay,2001
Zahiril Adzim,Kron,2019,Drama,Male,Malay,2008
Mamak Puteh,Kron,2019,Drama,Male,Malay,2014
Dayana Roza,Kron,2019,Drama,Female,Malay,2013
Opie Zami,Kron,2019,Drama,Male,Malay,2001
Siti Saleha,Langit Cinta,2016,Romantic,Female,Malay,2013
Farid Kamil,Langit Cinta,2016,Romantic,Male,Malay,2003
Dato' Jalaluddin Hassan,Langit Cinta,2016,Romantic,Male,Malay,1994
Dian P. Ramlee,Langit Cinta,2016,Romantic,Female,Malay,1976
Nur Fazura,Langit Cinta,2016,Romantic,Female,Malay,2004
Zaidi Omar,Langit Cinta,2016,Romantic,Male,Malay,1992
Keith Foo,Langit Cinta,2016,Romantic,Male,Others,2009
Normah Damanhuri,Langit Cinta,2016,Romantic,Female,Malay,1999
Fauziah Ahmad Daud,Langit Cinta,2016,Romantic,Female,Malay,1973
Julia Farhana Marin,Langsuir,2018,Horror,Female,Malay,2011
Syafiq Kyle,Langsuir,2018,Horror,Male,Malay,2018
Daaim Jailani,Langsuir,2018,Horror,Male,Malay,2018
Firdaus Nadzaman,Langsuir,2018,Horror,Male,Malay,2012
Halim Radzi,Langsuir,2018,Horror,Male,Malay,2018
Hanna Delisha,Langsuir,2018,Horror,Female,Malay,2018
Naza Manas,Langsuir,2018,Horror,Male,Malay,2012
Nazri,Langsuir,2018,Horror,Male,Malay,2018
Shahkimin,Langsuir,2018,Horror,Male,Malay,2018
Pekin Ibrahim,Lebuhraya Ke Neraka,2017,Horror,Male,Malay,2004
Khir Rahman,Lebuhraya Ke Neraka,2017,Horror,Male,Malay,2004
Awie,Lebuhraya Ke Neraka,2017,Horror,Male,Malay,1993
Dazrin Kamarudin,Lebuhraya Ke Neraka,2017,Horror,Male,Malay,2011
Fatin Syahirah,Lebuhraya Ke Neraka,2017,Horror,Female,Malay,2015
Miera Leyana,Lebuhraya Ke Neraka,2017,Horror,Female,Malay,2012
Shahz Jaszle,Lebuhraya Ke Neraka,2017,Horror,Male,Malay,2012
Farid Kamil,"Love, Supermoon",2015,Comedy,Male,Malay,2003
Mustapha Kamal,"Love, Supermoon",2015,Comedy,Male,Malay,1988
Nadiya Nisaa,"Love, Supermoon",2015,Comedy,Female,Malay,2009
Anne Ngasri,"Love, Supermoon",2015,Comedy,Female,Malay,1996
Azhar Sulaiman,"Love, Supermoon",2015,Comedy,Male,Malay,1990
Rita Rudaini,"Love, Supermoon",2015,Comedy,Female,Malay,2002
Zain Hamid,"Love, Supermoon",2015,Comedy,Male,Malay,2004
Zain Saidin,"Love, Supermoon",2015,Comedy,Male,Others,2015
Along Eyzendy,Lu Mafia Gua Gangster,2016,Comedy,Male,Malay,2003
A. Galak,Lu Mafia Gua Gangster,2016,Comedy,Male,Malay,1981
Dato' Jalaluddin Hassan,Lu Mafia Gua Gangster,2016,Comedy,Male,Malay,1994
Atu Zero,Lu Mafia Gua Gangster,2016,Comedy,Male,Others,2014
Azlee Senario,Lu Mafia Gua Gangster,2016,Comedy,Male,Malay,1999
Sharif Zero,Lu Mafia Gua Gangster,2016,Comedy,Male,Malay,2016
Shira Saad,Lu Mafia Gua Gangster,2016,Comedy,Female,Malay,2016
Syaiful Zero,Lu Mafia Gua Gangster,2016,Comedy,Male,Malay,2016
Zack Taipan,Lu Mafia Gua Gangster,2016,Comedy,Male,Malay,2002
Josiah Hogan,LuQman,2017,Drama,Male,Malay,2013
Wan Hanafi Su,LuQman,2017,Drama,Male,Malay,1999
Raja Ilya,LuQman,2017,Drama,Female,Malay,2009
Nurjannah Mohd Saleh,LuQman,2017,Drama,Female,Malay,2017
Syed Mohamad Fuad Al-Atas,LuQman,2017,Drama,Male,Malay,2017
Ambiga Sreenevasan,M For Malaysia,2019,Historical,Male,Indian,2019
Chin Tong Liew,M For Malaysia,2019,Historical,Male,Chinese,2019
Clare Rewcastle Brown,M For Malaysia,2019,Historical,Female,Others,2019
Ineza Rousille,M For Malaysia,2019,Historical,Female,Malay,2019
Mahathir Mohamad,M For Malaysia,2019,Historical,Male,Malay,2019
Maria Chin Abdullah,M For Malaysia,2019,Historical,Female,Chinese,2019
Siti Hasmah Mohd Ali,M For Malaysia,2019,Historical,Female,Malay,2019
Tony Pua,M For Malaysia,2019,Historical,Male,Chinese,2019
Wan Azizah Wan Ismail,M For Malaysia,2019,Historical,Female,Malay,2019
Kodi Rasheed,M4M4,2020,Horror,Male,Malay,2014
Faizal Hussein,M4M4,2020,Horror,Male,Malay,1972
Nabila Huda,M4M4,2020,Horror,Female,Malay,2001
Niezam Zaidi,M4M4,2020,Horror,Male,Malay,2012
Ungku Hariz,M4M4,2020,Horror,Male,Malay,2015
Izzy Reef,M4M4,2020,Horror,Male,Malay,2016
Bella Dowanna,M4M4,2020,Horror,Female,Malay,2020
Eyra Hazali,M4M4,2020,Horror,Female,Malay,2020
Yusry Abd Halim,M4M4,2020,Horror,Male,Malay,1995
Syamsul Yusof,Makrifat Cinta,2018,Drama,Male,Malay,1998
Nora Danish,Makrifat Cinta,2018,Drama,Female,Malay,2005
Sabrina Ali,Makrifat Cinta,2018,Drama,Female,Malay,2011
Nabila Huda,Makrifat Cinta,2018,Drama,Female,Malay,2001
Adi Putra,Makrifat Cinta,2018,Drama,Male,Malay,2007
Puteri Balqis,Makrifat Cinta,2018,Drama,Female,Malay,2012
Aznil Nawawi,Makrifat Cinta,2018,Drama,Male,Malay,1995
Along Eyzendy,Mat Moto,2015,Comedy,Male,Malay,2003
Datuk Rosyam Nor ,Mat Moto,2015,Comedy,Male,Malay,1986
Shenty Feliziana,Mat Moto,2015,Comedy,Female,Malay,2012
Pablo Amirul,Mat Moto,2015,Comedy,Male,Malay,2013
Niezam Zaidi,Mat Moto,2015,Comedy,Male,Malay,2012
Lyana Yahya,Mat Moto,2015,Comedy,Female,Malay,2015
Dato' Sri Eizlan Yusof,Mat Moto Otai,2016,Comedy,Male,Malay,1994
Cat Farish,Mat Moto Otai,2016,Comedy,Male,Malay,2005
Opie Zami,Mat Moto Otai,2016,Comedy,Male,Malay,2001
Ahmad Idham,Mat Moto Otai,2016,Comedy,Male,Malay,1995
Pekin Ibrahim,Mat Moto: Kami Mat Moto Bukan Mat Rempit,2016,Action,Male,Malay,2004
Syamsul Yusof,Mat Moto: Kami Mat Moto Bukan Mat Rempit,2016,Action,Male,Malay,1998
Datuk Rosyam Nor ,Mat Moto: Kami Mat Moto Bukan Mat Rempit,2016,Action,Male,Malay,1986
Cat Farish,Mat Moto: Kami Mat Moto Bukan Mat Rempit,2016,Action,Male,Malay,2005
Faizal Hussein,Mat Moto: Kami Mat Moto Bukan Mat Rempit,2016,Action,Male,Malay,1972
Shaheizy Sam,Mat Moto: Kami Mat Moto Bukan Mat Rempit,2016,Action,Male,Malay,1995
Kamarool Yusoff,Mat Moto: Kami Mat Moto Bukan Mat Rempit,2016,Action,Male,Malay,1985
Falisha Crossley ,Mat Moto: Kami Mat Moto Bukan Mat Rempit,2016,Action,Female,Malay,2016
Zul Huzaimy ,Mat Moto: Kami Mat Moto Bukan Mat Rempit,2016,Action,Male,Malay,2002
Reen Rahim,Mawar Putih ,2016,Romantic,Female,Malay,2013
Adli Eddynor,Mawar Putih ,2016,Romantic,Male,Malay,2016
Arja Lee,Mawar Putih ,2016,Romantic,Male,Malay,2011
Cinta Dewi,Mawar Putih ,2016,Romantic,Female,Others,2010
Triestan Aprilian,Mawar Putih ,2016,Romantic,Male,Others,2016
Juliana Evans,Mendidih Bro,2017,Romantic,Female,Malay,2008
Adrea Abdullah,Mendidih Bro,2017,Romantic,Female,Malay,2004
Amy Mastura,Mendidih Bro,2017,Romantic,Female,Malay,1996
Azrel Ismail,Mendidih Bro,2017,Romantic,Male,Malay,2012
Marlyn Guinto,Mendidih Bro,2017,Romantic,Female,Chinese,2017
Yank Kassim,Mendidih Bro,2017,Romantic,Male,Malay,1996
Z. Lokman,Mendidih Bro,2017,Romantic,Male,Malay,1982
Cat Farish,Minah Moto,2017,Comedy,Male,Malay,2005
Dayana Roza,Minah Moto,2017,Comedy,Female,Malay,2013
Aliff Yasraf,Minah Moto,2017,Comedy,Male,Malay,2017
Ariz Lufias,Minah Moto,2017,Comedy,Male,Malay,2016
Julia Hana,Minah Moto,2017,Comedy,Female,Malay,2003
Ezzaty Abdullah,Mirip,2015,Thriller,Female,Malay,2015
Reen Rahim,Mirip,2015,Thriller,Female,Malay,2013
Fezrul Khan,Mirip,2015,Thriller,Male,Malay,2004
Intan Ladyana,Misi Rayyan & Danish: Jangan Ambil Rumah Kami,2015,Comedy,Female,Malay,2006
Azwan Kombos,Misi Rayyan & Danish: Jangan Ambil Rumah Kami,2015,Comedy,Male,Malay,2010
Hanif Safuan,Misi Rayyan & Danish: Jangan Ambil Rumah Kami,2015,Comedy,Male,Malay,2015
Sharisa Haris,Misi Rayyan & Danish: Jangan Ambil Rumah Kami,2015,Comedy,Female,Malay,2014
Firdaus Ghufran,Misi Rayyan & Danish: Jangan Ambil Rumah Kami,2015,Comedy,Male,Malay,2014
Muntaza Ghani,Misi Rayyan & Danish: Jangan Ambil Rumah Kami,2015,Comedy,Male,Malay,2015
Namron,Misteri Dilaila,2019,Thriller,Male,Malay,2000
Mas Khan,Misteri Dilaila,2019,Thriller,Male,Others,2015
Datuk Rosyam Nor ,Misteri Dilaila,2019,Thriller,Male,Malay,1986
Zul Ariffin,Misteri Dilaila,2019,Thriller,Male,Malay,2010
Elizabeth Tan,Misteri Dilaila,2019,Thriller,Female,Chinese,2015
Kenji Sawahi,Misteri Dilaila,2019,Thriller,Male,Chinese,1995
Iz Sulaini,Misteri Dilaila,2019,Thriller,Female,Malay,2011
Nafiez Zaidi,Misteri Dilaila,2019,Thriller,Male,Malay,2019
Sasqia Dahuri,Misteri Dilaila,2019,Thriller,Female,Malay,2011
Datuk Rosyam Nor ,Motif,2019,Crime,Male,Malay,1986
Nadia Aqilah,Motif,2019,Crime,Female,Malay,2012
Sharifah Amani,Motif,2019,Crime,Female,Malay,2005
Azhan Rani,Motif,2019,Crime,Male,Malay,2011
Emma Tosh,Motif,2019,Crime,Female,Chinese,2019
Iedil Dzuhrie Alaudin,Motif,2019,Crime,Male,Malay,1998
Khalid Salleh,Motif,2019,Crime,Male,Malay,1992
Sherie Merlis,Motif,2019,Crime,Female,Malay,1989
Taqim Zaki,Motif,2019,Crime,Male,Malay,2011
Azhari Zain,Muluk dan Konco,2016,Comedy,Male,Malay,2009
Jalil Hamid,Muluk dan Konco,2016,Comedy,Male,Malay,1990
Saiful Apek,Muluk dan Konco,2016,Comedy,Male,Malay,1998
Yassin Yahya,Muluk dan Konco,2016,Comedy,Male,Malay,2000
Sarah Hildebrand,Muluk dan Konco,2016,Comedy,Female,Others,2015
A. Galak,Munafik,2016,Horror,Male,Malay,1981
Syamsul Yusof,Munafik,2016,Horror,Male,Malay,1998
Fizz Fairuz,Munafik,2016,Horror,Male,Malay,2006
Sabrina Ali,Munafik,2016,Horror,Female,Malay,2011
Nabila Huda,Munafik,2016,Horror,Female,Malay,2001
Zarina Zainoordin,Munafik,2016,Horror,Female,Malay,2005
Dato' Rahim Razali,Munafik,2016,Horror,Male,Malay,1978
Razif Salimin,Munafik,2016,Horror,Male,Malay,2006
Ruzzlan Abdullah,Munafik,2016,Horror,Male,Malay,2012
Syamsul Yusof,Munafik 2,2018,Horror,Male,Malay,1998
Fauzi Nawawi,Munafik 2,2018,Horror,Male,Malay,2007
Maya Karin,Munafik 2,2018,Horror,Female,Others,2001
Fizz Fairuz,Munafik 2,2018,Horror,Male,Malay,2006
Dato' Rahim Razali,Munafik 2,2018,Horror,Male,Malay,1978
Ku Faridah,Munafik 2,2018,Horror,Female,Malay,1999
Nasir Bilal Khan,Munafik 2,2018,Horror,Male,Malay,1994
Nur Zara Sofia,Munafik 2,2018,Horror,Female,Malay,2018
Mawi,Munafik 2,2018,Horror,Male,Malay,2009
Maya Karin,Nota,2015,Thriller,Female,Others,2001
Ramli Hassan,Nota,2015,Thriller,Male,Malay,1999
Hans Isaac,Nota,2015,Thriller,Male,Malay,1995
Rin Izzumi,Nota,2015,Thriller,Female,Others,2015
Mohd Juhan,Oh! La La,2015,Animation,Male,Malay,2015
Nur Nazliah,Oh! La La,2015,Animation,Female,Malay,2015
Syed Atiq,Oh! La La,2015,Animation,Male,Malay,2015
Amerul Affendi,One Two Jaga,2018,Crime,Male,Malay,2009
Kin Wah Chew,One Two Jaga,2018,Crime,Male,Chinese,2001
Zahiril Adzim,One Two Jaga,2018,Crime,Male,Malay,2008
Ario Bayu,One Two Jaga,2018,Crime,Male,Others,2004
Asmara Abigail,One Two Jaga,2018,Crime,Female,Others,2016
Rosdeen Suboh,One Two Jaga,2018,Crime,Male,Malay,2018
Datuk Yusof Haslam,Operasi X,2018,Crime,Male,Malay,1972
Awie,Operasi X,2018,Crime,Male,Malay,1993
Hanna Aqeela,Operasi X,2018,Crime,Female,Malay,2017
Zaidi Omar,Operasi X,2018,Crime,Male,Malay,1992
Aaron Aziz,Operasi X,2018,Crime,Male,Malay,2008
Nasir Bilal Khan,Operasi X,2018,Crime,Male,Malay,1994
Hairul Azreen,Operasi X,2018,Crime,Male,Malay,2011
Hefny Sahad,Operasi X,2018,Crime,Male,Malay,2018
Rafizah Shima,Operasi X,2018,Crime,Female,Malay,2018
Marsha Milan Londoh,Pak Pong,2017,Drama,Female,Malay,2006
Siti Saleha,Pak Pong,2017,Drama,Female,Malay,2013
Kazar Saisi,Pak Pong,2017,Drama,Male,Malay,2007
Fauzi Nawawi,Pak Pong,2017,Drama,Male,Malay,2007
Dato' Sri Eizlan Yusof,Pak Pong,2017,Drama,Male,Malay,1994
Saiful Apek,Pak Pong,2017,Drama,Male,Malay,1998
Rahim Sepahtu,Pak Pong,2017,Drama,Male,Malay,2014
Hairul Azreen,Pak Pong,2017,Drama,Male,Malay,2011
Amber Chia,Pak Pong,2017,Drama,Female,Chinese,2005
Taufiq Hanafi,Paskal,2018,Action,Male,Malay,2016
Amerul Affendi,Paskal,2018,Action,Male,Malay,2009
Jasmine Suraya,Paskal,2018,Action,Female,Chinese,2014
Hairul Azreen,Paskal,2018,Action,Male,Malay,2011
Ammar Alfian,Paskal,2018,Action,Male,Malay,2013
Gambit Saifullah,Paskal,2018,Action,Male,Malay,2006
Hafizul Kamal,Paskal,2018,Action,Male,Malay,2018
Henley Hii,Paskal,2018,Action,Male,Chinese,2011
Steve Yap,Paskal,2018,Action,Male,Chinese,2006
Amerul Affendi,Pekak,2016,Drama,Male,Malay,2009
Iedil Putra,Pekak,2016,Drama,Male,Malay,1998
Sharifah Amani,Pekak,2016,Drama,Female,Malay,2005
Zahiril Adzim,Pekak,2016,Drama,Male,Malay,2008
Sharifah Sakinah,Pekak,2016,Drama,Female,Malay,2013
Joe Flizzow,Pekak,2016,Drama,Male,Malay,2016
Hafiz Bahari,Pelepas Saka,2016,Horror,Male,Malay,2012
Fauzi Nawawi,Pelepas Saka,2016,Horror,Male,Malay,2007
Hanif Safuan,Pelepas Saka,2016,Horror,Male,Malay,2015
Aman Graseka,Pelepas Saka,2016,Horror,Male,Malay,1995
Esma Daniel,Pelepas Saka,2016,Horror,Male,Malay,1992
Lydia Izzati,Pelepas Saka,2016,Horror,Female,Malay,2016
Wan Nor Azlin,Pelepas Saka,2016,Horror,Female,Malay,1993
Charl Mayour,Perangsang Rentap,2017,Drama,Female,Others,2017
Diana Johor,Perangsang Rentap,2017,Drama,Female,Malay,2005
Emmanuel Reuben,Perangsang Rentap,2017,Drama,Female,Others,2017
Ethel Lampai,Perangsang Rentap,2017,Drama,Male,Others,2017
Izan Dasri,Perangsang Rentap,2017,Drama,Female,Others,2017
Richard Martias,Perangsang Rentap,2017,Drama,Male,Others,2017
Vincent Mallang,Perangsang Rentap,2017,Drama,Male,Others,2017
Mak Jah,Perjanjian Syaitan,2016,Horror,Female,Malay,2005
Dato Ahmad Tarmimi Siregar,Perjanjian Syaitan,2016,Horror,Male,Malay,1975
Imuda,Perjanjian Syaitan,2016,Horror,Male,Malay,2016
Dato' Sri Eizlan Yusof,Pilot Café,2015,Romantic,Male,Malay,1994
Izara Aishah,Pilot Café,2015,Romantic,Female,Malay,2013
Remy Ishak,Pilot Café,2015,Romantic,Male,Malay,2007
Dian P. Ramlee,Pilot Café,2015,Romantic,Female,Malay,1976
Keith Foo,Pilot Café,2015,Romantic,Male,Others,2009
Fahrin Ahmad,Pilot Café,2015,Romantic,Male,Malay,2005
Neelofa,Pilot Café,2015,Romantic,Female,Malay,2012
Rosnah Johari,Pilot Café,2015,Romantic,Female,Malay,1986
Farid Kamil,Pinjamkan Hatiku,2017,Romantic,Male,Malay,2003
Lia Natalia,Pinjamkan Hatiku,2017,Romantic,Female,Malay,2012
Normah Damanhuri,Pinjamkan Hatiku,2017,Romantic,Female,Malay,1999
Shaheizy Sam,Pinjamkan Hatiku,2017,Romantic,Male,Malay,1995
Ayda Jebat,Pinjamkan Hatiku,2017,Romantic,Female,Malay,2013
Azizah Mahzan,Pinjamkan Hatiku,2017,Romantic,Female,Malay,1994
Sharifah Haslinda,Pinjamkan Hatiku,2017,Romantic,Female,Malay,1993
Zizan Razak,Polis Evo,2015,Action,Male,Malay,2010
Amerul Affendi,Polis Evo,2015,Action,Male,Malay,2009
Wan Hanafi Su,Polis Evo,2015,Action,Male,Malay,1999
Nora Danish,Polis Evo,2015,Action,Female,Malay,2005
Harun Salim Bachik,Polis Evo,2015,Action,Male,Malay,2005
Pablo Amirul,Polis Evo,2015,Action,Male,Malay,2013
Shaheizy Sam,Polis Evo,2015,Action,Male,Malay,1995
Eyka Farhana,Polis Evo,2015,Action,Female,Malay,2015
Mimi Ernida,Polis Evo,2015,Action,Female,Malay,2011
Zizan Razak,Polis Evo 2,2018,Action,Male,Malay,2010
Hasnul Rahmat,Polis Evo 2,2018,Action,Male,Malay,1997
Soffi Jikan,Polis Evo 2,2018,Action,Male,Malay,2001
Shaheizy Sam,Polis Evo 2,2018,Action,Male,Malay,1995
Shafie Naswip,Polis Evo 2,2018,Action,Male,Malay,2007
Erra Fazira,Polis Evo 2,2018,Action,Female,Malay,1994
Mike Lucock,Polis Evo 2,2018,Action,Male,Others,2004
Raline Shah,Polis Evo 2,2018,Action,Female,Others,2012
Tanta Ginting,Polis Evo 2,2018,Action,Female,Others,2013
Sally Bruce,Pontianak Menangis,2015,Horror,Female,Chinese,2012
Rahim Sepahtu,Pontianak Menangis,2015,Horror,Male,Malay,2014
Yassin Yahya,Pontianak Menangis,2015,Horror,Male,Malay,2000
Joey Daud,Pontianak Menangis,2015,Horror,Male,Malay,2011
Bella,Pontianak Menangis,2015,Horror,Female,Malay,2015
Hamdan ,Pontianak Menangis,2015,Horror,Male,Malay,2015
Ilya,Pontianak Menangis,2015,Horror,Female,Malay,2015
Sathia,Pontianak Menangis,2015,Horror,Male,Indian,1994
Watie Elite,Pontianak Menangis,2015,Horror,Female,Malay,2015
Alhakeem Hussain,Puaka Balai Gombak,2015,Horror,Male,Malay,2015
Farhaziq Abdul Manaf,Puaka Balai Gombak,2015,Horror,Male,Malay,2015
Hazwan As'ari,Puaka Balai Gombak,2015,Horror,Male,Malay,2015
Rahmat Mokhtar,Puaka Balai Gombak,2015,Horror,Male,Malay,2015
Shahrul Hakimi,Puaka Balai Gombak,2015,Horror,Male,Malay,2015
Shukri Mohd Tahir,Puaka Balai Gombak,2015,Horror,Male,Malay,2015
Wan Siti Haniza,Puaka Balai Gombak,2015,Horror,Female,Malay,2015
Dato' Jalaluddin Hassan,Pulang,2018,Drama,Male,Malay,1994
Juliana Evans,Pulang,2018,Drama,Female,Malay,2008
Erwin Dawson,Pulang,2018,Drama,Male,Malay,2012
Remy Ishak,Pulang,2018,Drama,Male,Malay,2007
Alvin Wong,Pulang,2018,Drama,Male,Chinese,2011
Azrel Ismail,Pulang,2018,Drama,Male,Malay,2012
Dato' Rahim Razali,Pulang,2018,Drama,Male,Malay,1978
Puteri Aishah,Pulang,2018,Drama,Female,Malay,2018
Sherry Al Jeffry,Pulang,2018,Drama,Male,Malay,2018
Sweet Qismina,Pusaka,2019,Horror,Female,Malay,2008
Aleza Shadan,Pusaka,2019,Horror,Female,Malay,2016
Aloy Paradoks,Pusaka,2019,Horror,Male,Malay,2018
Faizal Hussein,Pusaka,2019,Horror,Male,Malay,1972
Syafiq Kyle,Pusaka,2019,Horror,Male,Malay,2018
Fauziah Ahmad Daud,Pusaka,2019,Horror,Female,Malay,1973
Hafidz Roshdi,Pusaka,2019,Horror,Male,Malay,2019
Mimi Lana,Pusaka,2019,Horror,Female,Malay,2019
Yuna Rahim,Pusaka,2019,Horror,Female,Malay,2019
Nur Risteena,Qhaliq,2018,Action,Female,Malay,2013
Ahmad Idham,Qhaliq,2018,Action,Male,Malay,1995
Aliff Yasraf,Qhaliq,2018,Action,Male,Malay,2017
Hairul Azreen,Qhaliq,2018,Action,Male,Malay,2011
Azza Elite,Qhaliq,2018,Action,Female,Malay,1999
Syainie Aida,Qhaliq,2018,Action,Female,Malay,2018
Ezzaty Abdullah,Radhi Rudy Bin Dadu,2016,Comedy,Female,Malay,2015
Soffi Jikan,Radhi Rudy Bin Dadu,2016,Comedy,Male,Malay,2001
Adam Corrie,Radhi Rudy Bin Dadu,2016,Comedy,Male,Chinese,2001
Khatijah Tan,Radhi Rudy Bin Dadu,2016,Comedy,Female,Malay,1996
Taiyuddin Bakar,Radhi Rudy Bin Dadu,2016,Comedy,Male,Malay,2007
Datuk Aziz Satar,Radhi Rudy Bin Dadu,2016,Comedy,Male,Malay,1953
Puteri Sarah Liyana,Radhi Rudy Bin Dadu,2016,Comedy,Female,Malay,2010
Usop Wilcha,Radhi Rudy Bin Dadu,2016,Comedy,Male,Malay,2006
Aprena Manrose,Ratu Kala Jengking: Puteri Keranda,2020,Horror,Female,Malay,2018
Nadia Brian,Ratu Kala Jengking: Puteri Keranda,2020,Horror,Female,Others,2018
Mas Khan,Ratu Kala Jengking: Puteri Keranda,2020,Horror,Male,Others,2015
Amar Asyraf,Ratu Kala Jengking: Puteri Keranda,2020,Horror,Male,Malay,2011
Fizz Fairuz,Ratu Kala Jengking: Puteri Keranda,2020,Horror,Male,Malay,2006
Fauziah Nawi,Ratu Kala Jengking: Puteri Keranda,2020,Horror,Female,Malay,1981
Dayang Areeda,Ratu Kala Jengking: Puteri Keranda,2020,Horror,Female,Malay,2016
Eyra Hazali,Ratu Kala Jengking: Puteri Keranda,2020,Horror,Female,Malay,2020
Oktovia Manrose,Ratu Kala Jengking: Puteri Keranda,2020,Horror,Female,Malay,2017
Namron,Redha,2016,Drama,Male,Malay,2000
Remy Ishak,Redha,2016,Drama,Male,Malay,2007
Nadiya Nisaa,Redha,2016,Drama,Female,Malay,2009
Ruminah Sidek,Redha,2016,Drama,Female,Malay,1968
Zahiril Adzim,Redha,2016,Drama,Male,Malay,2008
Izzy Reef,Redha,2016,Drama,Male,Malay,2016
Harith Haziq,Redha,2016,Drama,Male,Malay,2016
June Lojong,Redha,2016,Drama,Female,Malay,2016
Susan Lankester,Redha,2016,Drama,Female,Chinese,1983
Zizan Razak,Rembat,2015,Comedy,Male,Malay,2010
Zulin Aziz,Rembat,2015,Comedy,Female,Malay,2014
Shaheizy Sam,Rembat,2015,Comedy,Male,Malay,1995
Arja Lee,Rembat,2015,Comedy,Male,Malay,2011
Ah Niu,Rembat,2015,Comedy,Male,Chinese,1999
Zara Zya,Rembat,2015,Comedy,Female,Malay,2015
Sam Chong,Rembat,2015,Comedy,Male,Chinese,2011
Sherry Al Hadad,Rembat,2015,Comedy,Female,Malay,2013
Cristina Suzanne,Rempit Sampai Langit,2017,Comedy,Female,Malay,2007
Tauke Jambu,Rempit Sampai Langit,2017,Comedy,Male,Malay,2003
Bil Azali,Rempit Sampai Langit,2017,Comedy,Male,Malay,2015
Reen Rahim,Rempit Sampai Langit,2017,Comedy,Female,Malay,2013
Nabila Huda,Rempit Sampai Langit,2017,Comedy,Female,Malay,2001
Ruminah Sidek,Rempit Sampai Langit,2017,Comedy,Female,Malay,1968
Abu Bakar Juah,Rempit Sampai Langit,2017,Comedy,Male,Malay,1984
Ajak Shiro,Rempit Sampai Langit,2017,Comedy,Male,Malay,2013
Indera Hafiz,Rempit Sampai Langit,2017,Comedy,Male,Malay,2017
Sangeeta Krishnasamy,Rise Ini Kalilah,2018,Drama,Female,Indian,2009
Sweet Qismina,Rise Ini Kalilah,2018,Drama,Female,Malay,2008
Remy Ishak,Rise Ini Kalilah,2018,Drama,Male,Malay,2007
Shashi Tharan,Rise Ini Kalilah,2018,Drama,Female,Malay,2013
Jack Tan,Rise Ini Kalilah,2018,Drama,Male,Chinese,2011
Jenn Chia,Rise Ini Kalilah,2018,Drama,Female,Chinese,2018
Mira Filzah,Rise Ini Kalilah,2018,Drama,Female,Malay,2018
Pekin Ibrahim,Rock 4 Rockers Never Dai,2020,Comedy,Male,Malay,2004
Khir Rahman,Rock 4 Rockers Never Dai,2020,Comedy,Male,Malay,2004
Bulan Terry,Rock 4 Rockers Never Dai,2020,Comedy,Female,Others,2018
Kamarool Yusoff,Rock 4 Rockers Never Dai,2020,Comedy,Male,Malay,1985
Adam John,Rock 4 Rockers Never Dai,2020,Comedy,Male,Malay,2019
Edry Hashim,Rock 4 Rockers Never Dai,2020,Comedy,Male,Malay,2020
Hazama Azmi,Rock 4 Rockers Never Dai,2020,Comedy,Male,Malay,2012
Madnoor Hendrix,Rock 4 Rockers Never Dai,2020,Comedy,Male,Malay,2020
Nazimi Fahmi,Rock 4 Rockers Never Dai,2020,Comedy,Male,Malay,2020
Pekin Ibrahim,Rock Bro!,2016,Comedy,Male,Malay,2004
Khir Rahman,Rock Bro!,2016,Comedy,Male,Malay,2004
Soffi Jikan,Rock Bro!,2016,Comedy,Male,Malay,2001
Kamarool Yusoff,Rock Bro!,2016,Comedy,Male,Malay,1985
Azmi Bahron,Rock Bro!,2016,Comedy,Male,Malay,2016
Namron,Roh,2020,Horror,Male,Malay,2000
Harith Haziq,Roh,2020,Horror,Male,Malay,2016
June Lojong,Roh,2020,Horror,Female,Malay,2016
Farah Ahmad,Roh,2020,Horror,Female,Malay,2017
Mhia Farhana,Roh,2020,Horror,Female,Malay,2020
Putri Qaseh,Roh,2020,Horror,Female,Malay,2019
Nabil Ahmad,Romeo Kota: Kes Fail Kriptik,2015,Comedy,Male,Malay,2009
Soffi Jikan,Romeo Kota: Kes Fail Kriptik,2015,Comedy,Male,Malay,2001
Nadiya Nisaa,Romeo Kota: Kes Fail Kriptik,2015,Comedy,Female,Malay,2009
Shenty Feliziana,Romeo Kota: Kes Fail Kriptik,2015,Comedy,Female,Malay,2012
Fizo Omar,Romeo Kota: Kes Fail Kriptik,2015,Comedy,Male,Malay,2010
Aaron Aziz,Romeo Kota: Kes Fail Kriptik,2015,Comedy,Male,Malay,2008
Ahmad Idham,Romeo Kota: Kes Fail Kriptik,2015,Comedy,Male,Malay,1995
Dwi Ariana,Romeo Kota: Kes Fail Kriptik,2015,Comedy,Female,Malay,2015
Nina Juren,Romeo Kota: Kes Fail Kriptik,2015,Comedy,Female,Malay,1993
Pekin Ibrahim,Rumah Pusaka Di Simpang Jalan,2015,Comedy,Male,Malay,2004
Bell Ngasri,Rumah Pusaka Di Simpang Jalan,2015,Comedy,Female,Malay,1995
Ahmad Maembong,Rumah Pusaka Di Simpang Jalan,2015,Comedy,Male,Malay,2015
Rab Khalid,Rumah Pusaka Di Simpang Jalan,2015,Comedy,Male,Malay,2010
Shuk SYJ,Rumah Pusaka Di Simpang Jalan,2015,Comedy,Male,Malay,2012
Fatin Syahirah,Rumah Pusaka Di Simpang Jalan,2015,Comedy,Female,Malay,2015
Jihan Muse,Rumah Pusaka Di Simpang Jalan,2015,Comedy,Female,Malay,2012
Fadlan Hazim,Sangkar,2019,Action,Male,Malay,2014
Remy Ishak,Sangkar,2019,Action,Male,Malay,2007
Niezam Zaidi,Sangkar,2019,Action,Male,Malay,2012
Zul Ariffin,Sangkar,2019,Action,Male,Malay,2010
Aman Graseka,Sangkar,2019,Action,Male,Malay,1995
Mira Filzah,Sangkar,2019,Action,Female,Malay,2018
Carliff Carleel,Sangkar,2019,Action,Male,Malay,2012
Emelda Rosmila,Sangkar,2019,Action,Female,Malay,2009
Nik Adam Mika,Sangkar,2019,Action,Male,Malay,2019
Kay Shan,Selfie Suara Kubur,2015,Comedy,Male,Malay,2015
Mak Jah,Selfie Suara Kubur,2015,Comedy,Female,Malay,2005
Adie Black,Selfie Suara Kubur,2015,Comedy,Male,Malay,2015
Aiza Hussein,Selfie Suara Kubur,2015,Comedy,Female,Malay,2015
Sooriya Prakash,Selfie Suara Kubur,2015,Comedy,Male,Indian,2015
Sue,Selfie Suara Kubur,2015,Comedy,Female,Chinese,2015
Izara Aishah,Showdown The Movie,2016,Drama,Female,Malay,2013
Iedil Putra,Showdown The Movie,2016,Drama,Male,Malay,1998
Azad Yasmin,Showdown The Movie,2016,Drama,Male,Malay,2007
Esma Daniel,Showdown The Movie,2016,Drama,Male,Malay,1992
Ammar Alfian,Showdown The Movie,2016,Drama,Male,Malay,2013
Maria Farida,Showdown The Movie,2016,Drama,Female,Malay,1995
Reza Hasbi,Showdown The Movie,2016,Drama,Male,Malay,2016
Izara Aishah,Sinaran,2015,Romantic,Female,Malay,2013
Lisa Surihani,Sinaran,2015,Romantic,Female,Malay,2006
Nadiah M. Din,Sinaran,2015,Romantic,Female,Malay,2012
Evan Sanders,Sinaran,2015,Romantic,Male,Others,2005
Syariff Sleeq,Sinaran,2015,Romantic,Male,Malay,2014
Dato' Jalaluddin Hassan,Sindiket,2017,Crime,Male,Malay,1994
Liyana Jasmay,Sindiket,2017,Crime,Female,Malay,2006
Rashidi Ishak,Sindiket,2017,Crime,Male,Malay,1999
Sharnaaz Ahmad,Sindiket,2017,Crime,Male,Malay,2011
Tony Eusoff,Sindiket,2017,Crime,Male,Others,2004
Sharifah Amani,Sindiket,2017,Crime,Female,Malay,2005
Soo Wincci,Sindiket,2017,Crime,Female,Chinese,2014
Danny Prima Agung,Sindiket,2017,Crime,Male,Others,2017
Daphne Iking,Sindiket,2017,Crime,Female,Others,2010
Reen Rahim,Soulmate Hingga Jannah,2017,Comedy,Female,Malay,2013
Taufik Batisah,Soulmate Hingga Jannah,2017,Comedy,Male,Others,2016
Raja Ilya,Soulmate Hingga Jannah,2017,Comedy,Female,Malay,2009
Ainin Batrisya,Soulmate Hingga Jannah,2017,Comedy,Female,Malay,2016
Dato' Rahim Razali,Soulmate Hingga Jannah,2017,Comedy,Male,Malay,1978
Erra Fazira,Soulmate Hingga Jannah,2017,Comedy,Female,Malay,1994
Douglas Lim,Soulmate Hingga Jannah,2017,Comedy,Male,Chinese,2002
Siti Saleha,Spy In Love,2017,Action,Female,Malay,2013
Keith Foo,Spy In Love,2017,Action,Male,Others,2009
Hamish Daud,Spy In Love,2017,Action,Male,Malay,2013
Nasha Aziz,Spy In Love,2017,Action,Female,Malay,1995
Ray Sahetapy,Spy In Love,2017,Action,Male,Others,1980
Shafira Umm,Spy In Love,2017,Action,Female,Malay,2014
Kazar Saisi,Suamiku Jatuh Dari Langit,2015,Comedy,Male,Malay,2007
Qi Razali,Suamiku Jatuh Dari Langit,2015,Comedy,Male,Malay,2013
Atiqah Suhaime,Suamiku Jatuh Dari Langit,2015,Comedy,Female,Malay,2013
Nora Danish,Suamiku Jatuh Dari Langit,2015,Comedy,Female,Malay,2005
Shuk SYJ,Suamiku Jatuh Dari Langit,2015,Comedy,Male,Malay,2012
Izzue Islam,Suamiku Ustaz,2015,Romantic,Male,Malay,2011
Nora Danish,Suamiku Ustaz,2015,Romantic,Female,Malay,2005
Adi Putra,Suamiku Ustaz,2015,Romantic,Male,Malay,2007
Betty Rahmat,Suamiku Ustaz,2015,Romantic,Female,Malay,2015
Jue Aziz,Suamiku Ustaz,2015,Romantic,Female,Malay,2002
Kamaliah Mat Don,Suamiku Ustaz,2015,Romantic,Female,Malay,2015
Liza Abdullah,Suamiku Ustaz,2015,Romantic,Female,Malay,1984
Razak Ahmad,Suamiku Ustaz,2015,Romantic,Male,Malay,2002
Jasmin Hamid,"Suamiku, Encik Perfect 10",2015,Comedy,Female,Malay,1991
Lisa Surihani,"Suamiku, Encik Perfect 10",2015,Comedy,Female,Malay,2006
Raja Ilya,"Suamiku, Encik Perfect 10",2015,Comedy,Female,Malay,2009
Syazwan Zulkifly,"Suamiku, Encik Perfect 10",2015,Comedy,Male,Malay,2013
Normah Damanhuri,"Suamiku, Encik Perfect 10",2015,Comedy,Female,Malay,1999
Aaron Aziz,"Suamiku, Encik Perfect 10",2015,Comedy,Male,Malay,2008
Jehan Miskin,"Suamiku, Encik Perfect 10",2015,Comedy,Male,Malay,2005
Pekin Ibrahim,Suatu Ketika: Langitkan Impianku,2019,Historical,Male,Malay,2004
Namron,Suatu Ketika: Langitkan Impianku,2019,Historical,Male,Malay,2000
Armand,Suatu Ketika: Langitkan Impianku,2019,Historical,Male,Others,2019
Danial Akmal Fariz,Suatu Ketika: Langitkan Impianku,2019,Historical,Male,Malay,2019
Daniel Syahidan,Suatu Ketika: Langitkan Impianku,2019,Historical,Male,Malay,2019
Dheva Naish,Suatu Ketika: Langitkan Impianku,2019,Historical,Male,Indian,2019
Farez Iqmal,Suatu Ketika: Langitkan Impianku,2019,Historical,Male,Malay,2019
Kuhan Divagaran,Suatu Ketika: Langitkan Impianku,2019,Historical,Male,Indian,2019
Putera Syazwan,Suatu Ketika: Langitkan Impianku,2019,Historical,Male,Malay,2019
Izzue Islam,Sunti @ Facebook,2015,Horror,Male,Malay,2011
Anas Ridzuan,Sunti @ Facebook,2015,Horror,Male,Malay,2014
Syazwan Zulkifly,Sunti @ Facebook,2015,Horror,Male,Malay,2013
Arief Farhan,Sunti @ Facebook,2015,Horror,Male,Malay,2015
Diddy Hirdy,Sunti @ Facebook,2015,Horror,Male,Malay,2015
Fouziah Gous,Sunti @ Facebook,2015,Horror,Female,Malay,2005
Jenny Cortez,Sunti @ Facebook,2015,Horror,Female,Others,2009
Lufya Omar,Sunti @ Facebook,2015,Horror,Female,Malay,2015
Mizy Radzuan,Sunti @ Facebook,2015,Horror,Male,Malay,2015
Farihin Ufiya,Suraya,2020,Horror,Female,Malay,2020
Amir Rahim,Suraya,2020,Horror,Male,Malay,2020
Ainul Aishah,Suraya,2020,Horror,Male,Malay,2016
Yunadia Mohamed,Suraya,2020,Horror,Female,Malay,2020
Azhar Amir,Suraya,2020,Horror,Female,Malay,2020
Josiah Hogan,Surf This Love: Gelora Juara,2018,Comedy,Male,Malay,2013
Cristina Suzanne,Surf This Love: Gelora Juara,2018,Comedy,Female,Malay,2007
Pekin Ibrahim,Surf This Love: Gelora Juara,2018,Comedy,Male,Malay,2004
Ardell Aryana,Surf This Love: Gelora Juara,2018,Comedy,Female,Malay,2015
Mustaqim Bahadon,Surf This Love: Gelora Juara,2018,Comedy,Male,Malay,2013
Shukri Yahaya,Surf This Love: Gelora Juara,2018,Comedy,Male,Malay,2012
Amai Kamarudin,Temuan Takdir,2016,Crime,Male,Malay,2008
Azura Zainal,Temuan Takdir,2016,Crime,Male,Indian,2016
Ery Zukhairi,Temuan Takdir,2016,Crime,Male,Malay,2016
Kiranjit Kaur,Temuan Takdir,2016,Crime,Female,Indian,2016
Malieq Abdullah,Temuan Takdir,2016,Crime,Female,Malay,1994
Vanida Imran,Temuan Takdir,2016,Crime,Female,Malay,1994
Thanuja Ananthan,Temuan Takdir,2016,Crime,Male,Malay,1990
Zahim Albakri,Temuan Takdir,2016,Crime,Male,Malay,1990
Nad Zainal,The Malay Regiment,2017,Action,Female,Malay,2012
Kamal Adli,The Malay Regiment,2017,Action,Male,Malay,2010
Normah Damanhuri,The Malay Regiment,2017,Action,Female,Malay,1999
Dato Ahmad Tarmimi Siregar,The Malay Regiment,2017,Action,Male,Malay,1975
Erry Putra,The Malay Regiment,2017,Action,Male,Malay,2004
Yus Waisar,The Malay Regiment,2017,Action,Male,Malay,2007
Kazar Saisi,This Is Pilah ,2018,Comedy,Male,Malay,2007
Ebby Yus,This Is Pilah ,2018,Comedy,Male,Malay,1988
Joey Daud,This Is Pilah ,2018,Comedy,Male,Malay,2011
Alin Anje,This Is Pilah ,2018,Comedy,Female,Malay,2018
Chot XOXO,This Is Pilah ,2018,Comedy,Male,Malay,2018
Eliza Mustafa,This Is Pilah ,2018,Comedy,Female,Malay,2018
Juzzthin ,This Is Pilah ,2018,Comedy,Male,Malay,2016
Nen Tebabo,This Is Pilah ,2018,Comedy,Female,Malay,2018
Zaidatul Iesna Mohd Raus,This Is Pilah ,2018,Comedy,Female,Malay,2018
Johan As'ari,Tiada Tajuk,2019,Comedy,Male,Malay,2013
Achey Bocey,Tiada Tajuk,2019,Comedy,Male,Malay,2014
Ropie Cecupak,Tiada Tajuk,2019,Comedy,Male,Malay,2001
Kamarool Yusoff,Tiada Tajuk,2019,Comedy,Male,Malay,1985
Joey Daud,Tiada Tajuk,2019,Comedy,Male,Malay,2011
Mawi,Tiada Tajuk,2019,Comedy,Male,Malay,2009
Hazama Azmi,Tiada Tajuk,2019,Comedy,Male,Malay,2012
Along Cham,Tiada Tajuk,2019,Comedy,Male,Malay,2009
Amira Othman,Tiada Tajuk,2019,Comedy,Female,Malay,2019
Farid Kamil,Tombiruo: Penunggu Rimba,2017,Action,Male,Malay,2003
Hasnul Rahmat,Tombiruo: Penunggu Rimba,2017,Action,Male,Malay,1997
Dynas Mokhtar,Tombiruo: Penunggu Rimba,2017,Action,Female,Malay,2003
Faizal Hussein,Tombiruo: Penunggu Rimba,2017,Action,Male,Malay,1972
Nabila Huda,Tombiruo: Penunggu Rimba,2017,Action,Female,Malay,2001
Zul Ariffin,Tombiruo: Penunggu Rimba,2017,Action,Male,Malay,2010
Farah Ahmad,Tombiruo: Penunggu Rimba,2017,Action,Female,Malay,2017
Faye Kusairi,Tombiruo: Penunggu Rimba,2017,Action,Female,Malay,2013
M. Nasir,Tombiruo: Penunggu Rimba,2017,Action,Male,Malay,1986
Awie,Upin & Ipin: Jeng Jeng Jeng,2016,Animation,Male,Malay,1993
Remy Ishak,Upin & Ipin: Jeng Jeng Jeng,2016,Animation,Male,Malay,2007
Puteri Balqis,Upin & Ipin: Jeng Jeng Jeng,2016,Animation,Female,Malay,2012
Asyiela Putri,Upin & Ipin: Jeng Jeng Jeng,2016,Animation,Female,Malay,2016
Sara Ali,Upin & Ipin: Jeng Jeng Jeng,2016,Animation,Female,Malay,2011
Asyiela Putri,Upin & Ipin: Keris Siamang Tunggal,2019,Animation,Female,Malay,2016
Ahmad Marwadi,Upin & Ipin: Keris Siamang Tunggal,2019,Animation,Male,Malay,2019
Ernie Zakri,Upin & Ipin: Keris Siamang Tunggal,2019,Animation,Female,Malay,2019
Fakhrul Razi Ibrahim,Upin & Ipin: Keris Siamang Tunggal,2019,Animation,Male,Malay,2019
Mohd Amir Asyraf,Upin & Ipin: Keris Siamang Tunggal,2019,Animation,Male,Malay,2019
Shuib Sepahtu,Usin UFO,2016,Comedy,Male,Malay,2012
Kazar Saisi,Usin UFO,2016,Comedy,Male,Malay,2007
Alif Satar,Usin UFO,2016,Comedy,Male,Malay,2016
Cat Farish,Usin UFO,2016,Comedy,Male,Malay,2005
Joey Daud,Usin UFO,2016,Comedy,Male,Malay,2011
Puteri Sarah Liyana,Usin UFO,2016,Comedy,Female,Malay,2010
Liza Abdullah,Usin UFO,2016,Comedy,Female,Malay,1984
Aishah Ilias,Usin UFO,2016,Comedy,Female,Malay,2013
Khaty Azean,Usin UFO,2016,Comedy,Female,Malay,2006
Namron,Usop Wilcha-Menghonjang Makhluk Muzium,2015,Comedy,Male,Malay,2000
Kamarool Yusoff,Usop Wilcha-Menghonjang Makhluk Muzium,2015,Comedy,Male,Malay,1985
Elizabeth Tan,Usop Wilcha-Menghonjang Makhluk Muzium,2015,Comedy,Female,Chinese,2015
Nasir Bilal Khan,Usop Wilcha-Menghonjang Makhluk Muzium,2015,Comedy,Male,Malay,1994
Usop Wilcha,Usop Wilcha-Menghonjang Makhluk Muzium,2015,Comedy,Male,Malay,2006
Hitler Zami,Usop Wilcha-Menghonjang Makhluk Muzium,2015,Comedy,Male,Malay,2000
Pyan Habib,Usop Wilcha-Menghonjang Makhluk Muzium,2015,Comedy,Male,Malay,1986
Pekin Ibrahim,Villa Nabila,2015,Horror,Male,Malay,2004
Tisha Shamsir,Villa Nabila,2015,Horror,Female,Malay,2011
Pekin Ibrahim,Volkswagen Kuning,2016,Horror,Male,Malay,2004
Sahronizam Noor,Volkswagen Kuning,2016,Horror,Male,Malay,2020
Atiqah Suhaime,Volkswagen Kuning,2016,Horror,Female,Malay,2013
Fatin Afeefa,Volkswagen Kuning,2016,Horror,Female,Malay,2006
Sharnaaz Ahmad,Wangi,2019,Horror,Male,Malay,2011
Nabila Huda,Wangi,2019,Horror,Female,Malay,2001
Syazwan Zulkifly,Wangi,2019,Horror,Male,Malay,2013
Ruminah Sidek,Wangi,2019,Horror,Female,Malay,1968
Erra Fazira,Wangi,2019,Horror,Female,Malay,1994
Nik Adam Mika,Wangi,2019,Horror,Male,Malay,2019
Mia Nasir,Wangi,2019,Horror,Female,Malay,2019
Namron,Warkah,2019,Drama,Male,Malay,2000
Syazwan Zulkifly,Warkah,2019,Drama,Male,Malay,2013
Isyariana,Warkah,2019,Drama,Female,Malay,2019
Mohd Wafiy,Warkah,2019,Drama,Male,Malay,2019
Puteri Rayyana Rayqa,Warkah,2019,Drama,Female,Malay,2019
Awie,Warna Cinta Impian,2016,Romantic,Male,Malay,1993
Erwin Dawson,Warna Cinta Impian,2016,Romantic,Male,Malay,2012
Julia Farhana Marin,Warna Cinta Impian,2016,Romantic,Female,Malay,2011
Erra Fazira,Warna Cinta Impian,2016,Romantic,Female,Malay,1994
Azlee Khairi,Warna Cinta Impian,2016,Romantic,Male,Malay,2010
David Arumugam,Warna Cinta Impian,2016,Romantic,Male,Indian,2010
Fad Bocey,Warna Cinta Impian,2016,Romantic,Male,Malay,2013
Nazeera Sardi,Warna Cinta Impian,2016,Romantic,Female,Malay,2014
Shiqin Kamal,Warna Cinta Impian,2016,Romantic,Female,Malay,2010
Zizan Razak,Werewolf Dari Bangladesh,2015,Comedy,Male,Malay,2010
Saiful Apek,Werewolf Dari Bangladesh,2015,Comedy,Male,Malay,1998
Rab Khalid,Werewolf Dari Bangladesh,2015,Comedy,Male,Malay,2010
Sharwani NS,Werewolf Dari Bangladesh,2015,Comedy,Male,Malay,2015
Emma Maembong,Werewolf Dari Bangladesh,2015,Comedy,Female,Malay,2015
Usop Wilcha,Werewolf Dari Bangladesh,2015,Comedy,Male,Malay,2006
Adi Shamsul,Werewolf Dari Bangladesh,2015,Comedy,Male,Malay,2015
Zizan Razak,Wheely,2018,Animation,Male,Malay,2010
Lisa Surihani,Wheely,2018,Animation,Female,Malay,2006
Johan Raja Lawak,Wheely,2018,Animation,Male,Malay,2009
Norman Abdul Halim,Wheely,2018,Animation,Male,Malay,2006
Josiah Hogan,Wira,2019,Action,Male,Malay,2013
Namron,Wira,2019,Action,Male,Malay,2000
Ismi Melinda,Wira,2019,Action,Female,Malay,2009
Hairul Azreen,Wira,2019,Action,Male,Malay,2011
Henley Hii,Wira,2019,Action,Male,Chinese,2011
Dain Said,Wira,2019,Action,Male,Malay,2011
Fify Azmi,Wira,2019,Action,Female,Malay,2019
Hilal Azman,Wira,2019,Action,Male,Malay,1983
Yayan Ruhian,Wira,2019,Action,Male,Others,2009
Dato' Jalaluddin Hassan,XX Ray 3,2019,Sci-fi,Male,Malay,1994
Izzue Islam,XX Ray 3,2019,Sci-fi,Male,Malay,2011
Ashraf Muslim,XX Ray 3,2019,Sci-fi,Male,Malay,2010
Ardell Aryana,XX Ray 3,2019,Sci-fi,Female,Malay,2015
Saiful Apek,XX Ray 3,2019,Sci-fi,Male,Malay,1998
Aziz M. Osman,XX Ray 3,2019,Sci-fi,Male,Malay,1963
Dazrin Kamarudin,XX Ray 3,2019,Sci-fi,Male,Malay,2011
Adam John,XX Ray 3,2019,Sci-fi,Male,Malay,2019
Razak Ahmad,XX Ray 3,2019,Sci-fi,Male,Malay,2002
Julia Farhana Marin,Zack Kapcai,2016,Comedy,Female,Malay,2011
Rahim Sepahtu,Zack Kapcai,2016,Comedy,Male,Malay,2014
Shuk SYJ,Zack Kapcai,2016,Comedy,Male,Malay,2012
Fad Bocey,Zack Kapcai,2016,Comedy,Male,Malay,2013
Serina Redzuan,Zack Kapcai,2016,Comedy,Female,Malay,2002
